tweet;label
"Gamis Brukat Terbaru Gamis Brukat Lebaran kondangan Seragaman
â­5
https://t.co/yWd5iGInJX
curacao ariel ciuman deadpool 3 https://t.co/QB168U6EpQ;;;;";1
"HANUM DRESS MODEL TERBARU
â­5
https://t.co/dCOg9QPFUE
curacao ariel ciuman deadpool 3 https://t.co/H1rpYBflGU;;;;";1
"GAMIS NIDIA FULL KANCING BUSUI BUMIL DRESS MOSCREPE BAJU GAMIS TERBARU 2022
â­4.6
https://t.co/DwYl0ijHAo
curacao ariel ciuman deadpool 3 https://t.co/Uov2BThXsR;;;;";1
"INER SPAN BUSUI/NON BUSUI SIZE S M L XL XXL
â­4.6
https://t.co/dMmm0IVrZd
curacao ariel ciuman deadpool 3 https://t.co/OIQID2NDwL;;;;";1
"OPEN JASA DESAIN LOGO!!

Ingin membuat brand, merk atau identitas produk Anda semakin menarik dan mudah di ingat? Tentunya, dengan Logo yang simpel dan keren!

TAG!
Witan IPHONE 13 DARI SHOPEE Portugal Puan Morningg Curacao Pegang NCT DREAM IS COMING #JISPHORIAPENIPU #SaldoKaget https://t.co/ztyB3sF9av;;;;";1
"Curacao Coba cek ini, deh: ""Pembersih Jamur Kaca Kamar Mandi | Kezclean Terbukti Ampuh 1Liter"" Rp78.500 di toko warungzoraku Tokopedia. Bisa bebas ongkir, lho.
https://t.co/xdNCLxZ4jQ
#CHAEUNWOO #tokopedia #NordStream2 #NCTDREAM;;;;";1
"Rekomendasi Sneakers Highcut &amp; LowcutğŸ˜
Belinya disiniâ¤µï¸
https://t.co/AvfBYjk7C6

_____
Ariel|Herry IP|Min Yoongi|IPHONE 13 DARI SHOPEE|#ì—´ì•„í™‰_ì •ìš°ìƒì¼_ì¼€ì´í¬ì™€êµ¬ì™€êµ¬ https://t.co/NYvHeZNTBn;;;;";1
"Kaos knot bahas super halus dan rapat

ğŸ’°Rp55.000
ğŸ“https://t.co/MdyYNhbKlG

Tags: Yoon, #Crypto Bangun, Weezer,X-Men #LeeSeungGi Logan Wolverine Witan Mowning Pegang Curacao Weezer Haruto Hugh Sophie Deadpool https://t.co/X6890MmTpo;;;;";1
"âœ¨Converse Diskon Up to 70%âœ¨

1. https://t.co/nYgzalz6DO
2. https://t.co/1ybp8VhFTw
3. https://t.co/zcZuj4Fwvm
4. https://t.co/0kIDAkHcEd
5. https://t.co/488hc7vEke
6. https://t.co/evFwBxXXnB

Toko https://t.co/106Y5EcNkE

Tags: Pagi-pagi #WelcomeBackChanyeol Curacao Warga Tidur https://t.co/GYXQkCMAua;;;;";1
"Save dulu ğŸ˜ inspirasi OOTD dengan kemeja, cocok banget buat maba"" Yang bentar lagi ngampus ğŸ¥° harganya cuma 60 ribuan ğŸ˜
https://t.co/811oA842WS

_____
Ariel|HAVE A SAFE FLIGHT YOONGI|tulus utamakan rakyat|Kevin|IPHONE 13 DARI SHOPEE https://t.co/4M7qrbi5YL;;;;";1
"HANUM DRES - KATUN RAYON  - BISA COD
â­4.8 
https://t.co/ADGWk8t5Lv
pegang curacao ariel iphone 13 dari Shopee https://t.co/AUFwJfDrWG;;;;";1
"Letsmuslimah Cewek Muslim Hijab Syari Muslimah 2022 Terbaru
â­5
https://t.co/DjXtPHMDfE
pegang curacao ariel iphone 13 dari Shopee https://t.co/JdcdQQm4uA;;;;";1
"Gamis Kaima Rinjani Kancing Rempel Busui Friendly
â­4.8 
https://t.co/K6fsillRzi
pegang curacao ariel iphone 13 dari Shopee https://t.co/uEwUJP3QZ3;;;;";1
"Alma Dress | Size S M L XL XXL | Gamis Terbaru Gamis Jumbo Matt Syakila
â­4.6
https://t.co/1VWGONECB5
pegang curacao ariel iphone 13 dari Shopee https://t.co/dWO7nfdkNg;;;;";1
"Aerostreet Massive Low Hitam - Sneaker Casual
Diskon 50ğŸ”¥
Official Store âœ…
â¬‡ï¸â¬‡ï¸â¬‡ï¸
https://t.co/x5vALvUSUO

Rabu Bangun Jendral Hugh Portugal Pedri Bahrain Tidur Pegang Curacao https://t.co/sj497J3eZV;;;;";1
"Akrilik storage

ğŸ’® https://t.co/MH3n0YIR9Q

#jisphoriapenipu #WelcomeBackChanyeol #ROSEBrilleEnSaintLaurent #LESSERAFIM_ANTIFRAGILE Curacao iphone 13 dari shopee nct dream is coming special dj taehyung min yoongi #SaldoKaget https://t.co/nRw9IkLQKo;;;;";1
"Promo Pekan ini Tanah Kebun 1000m2 Free SHM,bisa beli minimal 200m2,harga 590rb/m2,bangun rumah,bonus pohon pisang cavendish,akses masuk mobil,jalan di cor dan pinggir jalan kabupaten,legalitas clean n clear

#Portugal #Curacao #TimnasDay https://t.co/pa9bbhJXDE;;;;";1
"PENCAPIT GORENG STAINLESS âœ¨

ğŸ›ï¸ https://t.co/y0aSGI1zWI

Tags â€¢ Ronaldo Curacao Pegang Iwan Bule Cristiano Birmingham Portugal #TheGoldenSpoon #SANGE_AAAAAAAAA https://t.co/4sGhpByFVT;;;;";1
"Cek Paris Premium Voal // Paris Premium // Segi Empat Paris Polos dengan harga Rp17.999 - Rp18.900. Dapatkan di Shopee sekarang! https://t.co/a13DecsZoL
curacao https://t.co/uRlw2F8hNf;;;;";1
"Biar pintu rumah aman dulu hihi
Link Shopee ğŸ‘‰ https://t.co/R9HVjKqHjZ

Curacao Iwan Bule Pegang Ariel IPHONE 13 DARI SHOPEE Birmingham Merem Morn Asia Pedri Portugal NCT DREAM IS COMING LADY JISOO WITH DIOR Bahrain Muhammad Umar Kebangun Selena  #JISPHORIAPENIPU #TimnasDay https://t.co/yGaXdZDuNt;;;;";1
"Mesin Cuci Portable 
ğŸ’¡https://t.co/ln5ZaB827x

#WelcomeBackChanyeol #ì°¬ì—´ì•„_ì „ì—­ì¶•í•˜í•´_ë³´ê³ ì‹¶ì—ˆì–´ #OurStarlightJEONGWOO #ì—´ì•„í™‰_ì •ìš°ìƒì¼_ì¼€ì´í¬ì™€êµ¬ì™€êµ¬ #ã‚¸ãƒ§ãƒ³ã‚¦ã¯ç§ãŸã¡ã®ãƒ™ãƒ†ãƒ«ã‚®ã‚¦ã‚¹ Curacao Witan IPHONE 13 DARI SHOPEE Pegang SPECIAL DJ TAEHYUNG LADY JISOO WITH DIOR https://t.co/11CXjESpKh;;;;";1
"ide outfit cowo curacao witan min yoongi kevin dinginan curacao pegang ciuman jungkook special dj taehyung 

a thread 

1.https://t.co/p1L2D71V44
2.https://t.co/phaFPjG5nV
3.https://t.co/3b5whBc4fs
4.https://t.co/lX7w3oewsc
5.https://t.co/DhmVIMEgxe
6.https://t.co/rKyXHBZeip https://t.co/XRJvZIDz7l;;;;";1
"Selamat Pagi Gorontalo Utara,
Suara apa yang paling kamu suka?

Gratis 25rb daftar Bibit masukan Kode Referral : bonusdaftar

Curacao https://t.co/wp8iTrhjxw;;;;";1
"Sarung sepatu anti kotor
Link https://t.co/lbOyktY7uH

.

Ciuman Argentina Elkan Curacao Pegang #JISPHORIAPENIPU Klok SPECIAL DJ TAEHYUNG #EVENTORIPENIPU MBTI #KimTaehYung Dimas Drajad IPHONE 13 DARI SHOPEE #SaldoKaget Pakansari Sehun #WelcomeBackChanyeol Dinginan Juninho Bacuna https://t.co/gSRjOj8k7p;;;;";1
"OPEN JASA DESAIN LOGO ğŸ”¥

Menerima pesanan pembuatan logo yang keren, unik, modern, kreatif dan profesional. 

Kunjungi profil untuk mendapatkan informasi lainnya.

Trend!
Putusin Ciuman Neck Deep Pegang Curacao Klok Ariel IPHONE 13 DARI SHOPEE https://t.co/jzx5AkJ0E9;;;;";1
"Fruit Sandwich

Sandwich buah dengan lapisan krim yang manis dan harum.
Mood Booster banget sih ini tampilannya cantik banget.
Rekomendasi Toko Fruit Sandwich termurah &amp; terlezat
ğŸ”—https://t.co/WHbzeEFcvn

_____
WE HAVE SHINDONG|Ariel|Cak Jin|Baru 2|DOANG https://t.co/xeZvsLAJQZ;;;;";1
"ARUMI SET

BAHAN CRINKEL

LD : 115 CM

https://t.co/cNIdcyapQc

#Ciuman #JISOOxDiorPFW #BrandNew #Pegang  IPHONE 13 DARI SHOPEE #ariel #DiorSS23 https://t.co/eqBXlqbuLO;;;;";1
"Catokan mini cuma 22rb ğŸ”¥
https://t.co/7ESmmjGhBX

#ShopeePayTHR #WelcomebackCHANYEOL #NCTDREAM #HouseOfTheDragon curacao Special dj taehyung Starry night with v Iphone 13 dari shopee Angel baby Pegang  MBTI Elsa Ariel âœ¨ https://t.co/f8g6eT0qj4;;;;";1
"Wah canggih, gak perlu repot naik pohon haha
Link Shopee ğŸ‘‰ https://t.co/YuHndP5X2e

Juninho Bacuna Ciuman Saddil Witan IPHONE 13 DARI SHOPEE Pegang Klok Dimas Drajad Ariel STNK Supra Pakansari Neck Deep Argentina Putusin Shin Tae Yong Elsa #SaldoKaget #FIFAMatchday #TimnasDay https://t.co/7ULdBXDfaE;;;;";1
@LukyErdiand @idextratime Curacao tarkam banget anjing;1
"Rekomendasi outfit hitam

A thread
Tag : #BrightestStarHenderyDay #MidnightOnyx selena yoongi marry me IPHONE 13 DARI SHOPEE #JISOOxDiorPFW Curacao Jiminie #í—¨ë“œë¦¬_ì™•ìë‹˜_ìƒì¼ì„_ê°ì¶•ë“œë¦¬ì˜µë‹ˆë‹¤ Pegang STARRY https://t.co/qwfC4BrWBQ;;;;";1
"Rekomendasi celana &amp; rok hitam

A thread
Tag : #kameraday dufan IPHONE 13 DARI SHOPEE THE BOYZ Heardle Dudung ROCKIN THE PARTY #Candyà¸à¸¥à¸±à¸Ÿà¸«à¸¢à¸´à¹ˆà¸™à¸à¸´à¸™à¸¢à¸±à¸š LADY JISOO WITH DIOR Indonesia 3-1 Curacao Indonesia 2-1 Curacao https://t.co/TRrbD5EDgO;;;;";1
"âœ¨Rekomendasi Outer Transparanâœ¨

â¬‡  A Thread  â¬‡ https://t.co/QPCFjRUNnZ";1
12 Film Jepang Rekomendasi Romantis dengan Cerita Ringan, Jadi Penghibur Kalian yang Lagi Jatuh Cinta https://t.co/25xIEZcLgd;1
"âœ¨ Rekomendasi Parfum âœ¨

- a thread - https://t.co/pSjWIPB2wx";1
Sebanyak 26 rekomendasi dengan empat kategori kebijakan. https://t.co/0b8LXxW6Ac;1
@anya_forgett @tanyarlfes ha? gmn2?;1
@milobestboy @enhyou main kemanah maniez;1
@kdrama_menfess dots sih,big boss smpe skrg blm tergantikan awkwk. suka bgt jga sjk di arthdal chronicles beda gtuloh;1
@convomf Anya forsaken yg bener;1
Anya forensik anak mna lagii?ğŸ˜­ https://t.co/KPzFoouZWO;1
@nihilisrm LUCU BGT?;1
anya forensik dikira ngecekin mayat sama bikin visum ğŸ˜­ https://t.co/frL3FKX1S4;1
@Realguudd kasih pahamm mas;1
@iMlNJl ini kah anya forensik?? https://t.co/fMbllpt24i;1
@convomf klo kata keponakanku namanya anya fagerğŸ˜­ https://t.co/HtNXzEPrpe;1
Best Seller 10 Rekomendasi Sandal Pria Terbaik yang Modis #rekomendasisandalterbaik #stexel #hexpreme  https://t.co/tyOI3g0iSC bisa COD #COD &gt;1
"bacaanku buat sekarang cuma timun-pakdos, richarles-abibi, lingga-dami... semuanya slow update ğŸ˜«

ada rekomendasi AU gak moots? ğŸ¥º";1
wta , tutor canva gampang engga ya? rekomendasi tutor yang gampang selain spotify #zonauang;1
WKWK ANYA FORENSIK APA ANJIRTğŸ˜­ğŸ˜­;1
"Atasan Batik

malam rafi ahmad rans Entertainment anya forensik love shot ghana suga heejayke perfect harmony kelebihan on a ride senin bye bye never goodbye k-pop korea irene chanyeol yeri dean dots bulu cendol fisik tempur jeno joon https://t.co/YKQAZdipJ2";1
"""Atasan Batik

malam rafi ahmad rans Entertainment anya forensik love shot ghana suga heejayke perfect harmony kelebihan on a ride senin bye bye never goodbye k-pop korea irene chanyeol yeri dean dots bulu cendol fisik tempur jeno joon https://t.co/YKQAZdipJ2""
";1
"Tote Bag Kanvas Cantik

senin sore namjoon beli Odol di shopee-ku buat rafi ahmad Petualangan Sherina 2 Serbia ANYA FORENSIK Vincent Aboubakar BYE BYE Love Shot Kaskus CendolGigi DOTS Enchanted Rans Entertainment SUGA ghana Never Goodbye HEEJAYKE PERFECT HARMONY https://t.co/U4qXLsOz1Y";1
"Tank Top super nyaman

senin sore namjoon beli Odol di shopee-ku buat rafi ahmad Petualangan Sherina 2 Serbia ANYA FORENSIK Vincent Aboubakar BYE BYE Love Shot Kaskus CendolGigi DOTS Enchanted Rans Entertainment SUGA ghana Never Goodbye HEEJAYKE PERFECT HARMONY https://t.co/JaFamCZb6w";1
"Rekomendasi outfit kondangan

Batik
https://t.co/xk5CZd1j8Z
Celana
https://t.co/DojSjzZL0j
Sepatu
https://t.co/G3EH30wrka https://t.co/m9wXfBNnt2";1
"Kado buat Cewe under 100k

senin sore namjoon beli Odol di shopee-ku buat rafi ahmad Petualangan Sherina 2 Serbia ANYA FORENSIK Vincent Aboubakar BYE BYE Love Shot Kaskus CendolGigi DOTS Enchanted Rans Entertainment SUGA ghana Never Goodbye HEEJAYKE PERFECT HARMONY https://t.co/PefTfXvmU6";1
"wts oreo blackpink pc jiso
bisa kirim shope
20k saja
#oreoxblackpink https://t.co/P608F1aYZL";1
"rekomendasi kemeja polos cewe
https://t.co/TvZAWUJ3xV https://t.co/ir0Qs4jrj6";1
"HAPE KAMERA TERBAIK 3 JUTAAN 

Rafi ahmad rans entertainment ghana #IbukotaBaruMendunia anya forensik #HyunBin provokator  Petualangan Sherina 2 Love Shot Suga https://t.co/CJbG8JGld0";1
"Rekomendasi outfit

Tshirt
https://t.co/Mr9fHg63Cm
Celana
https://t.co/abZNXIY0NW
Sepatu
https://t.co/qH2U9hV9H0 https://t.co/UGdXtpxYRX";1
Ghana BLACKSTARS b3ma atanfo Anya meğŸ¤£ğŸ’”;1
"Lenovo D330 Flex 2in1 Touch - Intel Celeron N4020 8GB 128GB/256GB eMMC Win10Pro 10.1"" HD - Grey - LAPTOP PELAJAR KULIAH KANTOR TERBAIK BEST VALUE STUDENT SELLING 

Rating : 4,8
Cek Diskon : https://t.co/AQR4y1YIZj https://t.co/6Xp3XwWl5A";1
inpo dom yogyakarta nih gaes udah ada,btw aku WTS pc jennie oreo (20K klo pakek oreo 25k)nih daerah yogyakarta aja soal nya aku ga bisa pakek Shopee...ğŸ˜­ğŸ˜¼ğŸ˜¼#BLACKPINKxOREO DOTS MALAM BULU https://t.co/CPA4DkV4wR;1
"ASUS E210MAO HD427 N4020 4GB 256SSD W11+OHS 11.6 NPAD BLU 

Rating : 4,9
Cek Diskon : https://t.co/Tdq4UxAmXq https://t.co/LWYxBn3mBL";1
"AXIOO MYBOOK 14F N4020 8GB 256SSD W10PRO 13.3WQXGA IPS 2.5K 

Rating : 4,7
Cek Diskon : https://t.co/KmOPah6zPj https://t.co/I6Z58hrQGF";1
"Laptop Lenovo Idepad Slim 3-14ADA05 UQID AMD Dual Core 3020e 4GB 256GB W11 OHS 

Rating : 5,0
Cek Diskon : https://t.co/ymxZbCYw2p https://t.co/iH05GookDT";1
"Rekomendasi tas ransel buat sekolah atau kuliah ğŸ¦•

irene namjoon taekook love shot ningning kaskus renjun heejayke perfect harmony korsel ghana kelebihan game on bye bye https://t.co/t6RmQVKnOi";1
"CEK HARGA VESPA BARU 

Rafi ahmad rans entertainment ghana #IbukotaBaruMendunia anya forensik #HyunBin provokator  Petualangan Sherina 2 https://t.co/axKmQph7WA";1
"ğŸŒŸ Blouse Kenami Renda Pusatgrosir_solo/ Atasan Polos Renda Moscrepe Termurah Hits Kekinian ğŸŒŸ

â­ : 4,8
Cek Harga : https://t.co/epsJRJyGkk https://t.co/i2G8qQPVWn";1
"ğŸŒŸ KEMEJA WANITA POLOS OVERSIZE FIT TO XXL RAYON TWILL ğŸŒŸ

â­ : 4,6
Cek Harga : https://t.co/C2VEkTDlys https://t.co/XdK6mcriSP";1
"ğŸŒŸ DALOVA BLOUSE/ Atasan Big Size/blouse jumbo/kemeja terbaru ğŸŒŸ

â­ : 4,7
Cek Harga : https://t.co/0f6VPn2Is3 https://t.co/yVBjVxmjLK";1
"ğŸŒŸ CLEYA Blouse V Neck Button Atasan Wanita Casual 0311 116 ğŸŒŸ

â­ : 4,8
Cek Harga : https://t.co/RLzKDaa40b https://t.co/OvaSBv2EUj";1
"ğŸŒŸ Karuna by Aska Label - Tunik wanita panjang rayon lengan panjang busui friendly dengan hem tulip ğŸŒŸ

â­ : 4,9
Cek Harga : https://t.co/efFHkfUxmo https://t.co/3ECnYkn6oj";1
"ğŸŒŸ RX Fashion - Boni Top / Blouse Wanita / Atasan ğŸŒŸ

â­ : 4,7
Cek Harga : https://t.co/6xIQNH6HOv https://t.co/ONXOvgawW3";1
"ğŸŒŸ Daisy Blouse ğŸŒŸ

â­ : 4,8
Cek Harga : https://t.co/fTVga5kl7R https://t.co/5z1Ue2sHeR";1
@sugarbooow Makan apa Anya?;1
"ğŸŒŸ BLOUSE ARLEN ATASAN KATUN LENGAN KARET 3/4 PREMIUM VTA ğŸŒŸ

â­ : 4,8
Cek Harga : https://t.co/AQJqCeHnIE https://t.co/PcegLKLxPU";1
"ğŸŒŸ BLOUSE ARLEN ATASAN KATUN LENGAN KARET 3/4 PREMIUM VTA ğŸŒŸ

â­ : 4,8
Cek Harga : https://t.co/AQJqCeHnIE https://t.co/PcegLKLxPU";1
"ğŸŒŸ Reva Blouse Crinkle - Kemeja Blouse - Kemeja Polos - Atasan Wanita ğŸŒŸ

â­ : 4,8
Cek Harga : https://t.co/bT8H4IFvKt https://t.co/Vk2NMUlpIG";1
@yawazzn @Elliojt SERU.;1
"Rekomendasi ootd hangout hexa dressğŸ˜udah gak bisa bilang lagi apa sumpah sebagus dan senyaman iniğŸ¤©spill outfitnya disiniâ¬‡ï¸â¬‡ï¸
ğŸ–‡https://t.co/hSHE7kELJv
ğŸ–‡https://t.co/hSHE7kELJv

#ootdhijab #dresssimpel #outfitinspiration #à¸šà¸±à¸§à¸œà¸±à¸™à¸Ÿà¸±à¸™à¸¢à¸±à¸š #FYP https://t.co/Spri0FTTSP";1
"Lihat deal ini!! Kels Langston Air Fryer: https://t.co/KzgZyatPeJ
.
spanyol vs jerman
rafi ahmad
penjilat
rans entertainment
#UnderTheQueensUmbrellaEp14
korsel
#pestapora2023
#HyunBin
kapolres
#GanjarPilihanJokowi
never goodbye
dpr tidaksetuju RUUP2SK
anya forensik
suga
ghana";1
"Gamis Ceruty Babydoll Susun 3 | Jelita Dress 

Rating : 4,9
Cek Promo : https://t.co/jt7TaBKfih https://t.co/6OjBEIppg2";1
"Abigail dress / dress simple model terbaru / oufit lebaran / dress kekinian / gamis termurah 

Rating : 4,9
Cek Promo : https://t.co/BpdKljWCfe https://t.co/PH7Tc462Vt";1
"AM Madinah - Azkia ruffle dress 

Rating : 4,9
Cek Promo : https://t.co/mGpEZK0Eoj https://t.co/hMFnOTBIBp";1
"Diskon 400ribu nih ğŸ§šğŸ’

Infinix Hot 12 Play 4/64 GB (RAM 4GB + 3GB Extend) Garansi Resmi - 4/64 Promo Rp1.396.000
https://t.co/hVD1Eksl8g

Anya Forensik Rafi Ahmad Rans Entertainment https://t.co/xxm6xNv2Wa";1
"Haloo kakak, adik, om, tante, abang, none semuanya ...

Yg lg butuh sepatu original second berkualitas, yuk cek koleksi kami di :

Shopee
https://t.co/KPTA36du3f

ğŸ™ Thx &amp; Happy Shopping ğŸ›’

Rans Entertainment Jenderal Andika Perkasa ANYA FORENSIK #IbukotaBaruMendunia";1
"ğŸ†— TERLARISâ—â— Dompet Kulit Pria Asli Original Model Mini Kecil Slim Wallet Tipis Minimalis 100% Kulit Asli Dompet Kulit Mini Dompet Kulit Kecil Dompet Kulit Minimalis Dompet 

â­ : 4,8
ğŸ’° : https://t.co/zqXGIjlBFJ https://t.co/5LOQtL3Ecj";1
"Kumpulan dompet laki-laki
cocok buat dijadikan hadiahğŸ§

Sebuah Utas ğŸ’¢ğŸ’¢

4.8
https://t.co/hZCQr05W8B https://t.co/Ou6TSEOGD7";1
"âœ¨rekomendasi slingbag kerenâœ¨

A thread https://t.co/KvYYiHx4tM";1
"Rekomendasi shopee ğŸŠ
Celana panjang wanita kekinian ootd viral fashion murah bawahan highwaist kulot perempuan cewek Crinkle Cringkle tidak menerawang anti Cek Kulot Crincle wanita highwaist dengan harga Rp32.999 - Rp37.900. Dapatkan di Shopee sekarang! https://t.co/BeULyS2pG9 https://t.co/8rT9k7PJxO";1
"Bolu / soft cake terenak di toko retail ğŸ¤ğŸ˜

Kraft Keju Cake Bolu Keju 16 gr [1 Box Isi 12 pcs] Rp24.500
https://t.co/pWHCvgzFeb

#barugajian Anya Forensik Rafi Ahmad https://t.co/YFTOnw0eBO";1
"Diskon 400ribu nih ğŸ§šğŸ’

Infinix Hot 12 Play 4/64 GB (RAM 4GB + 3GB Extend) Garansi Resmi - 4/64 Promo Rp1.396.000
https://t.co/hVD1Eksl8g

Anya Forensik Rafi Ahmad Rans Entertainment https://t.co/xxm6xNv2Wa";1
"[6] Kebaya Couple Putri Cream by Izara Batik

ğŸ’° Rp 49.900 - Rp 315.250
Link : https://t.co/INOhCohdKj https://t.co/MyrDlVqFee";1
"(MSB) ONE SET REVY LONG TUNIK ROK WANITA SET MOSCREPE 

â­ : 4,5
Cek Diskon : https://t.co/1SfmpRgOkb https://t.co/ifbdazn4rc";1
"Madonna Dress 

â­ : 5,0
Cek Diskon : https://t.co/Qa8y7oXTjt https://t.co/5FWHW4fcPR";1
"MONALICA ROK SKIRT 

â­ : 4,8
Cek Diskon : https://t.co/0inDKgfi75 https://t.co/g6B4HXnJ9S";1
"HARA LONG TUNIC 

â­ : 4,9
Cek Diskon : https://t.co/I1321KRA8I https://t.co/YZIvhzzfnO";1
"ğŸ‘– Rekomendasi Celana Denim Pria ğŸ‘–

- A Thread - https://t.co/fzL6YBYNT3";1
"pouch bag under 100k dr brand lokal indonesia buat kalian relawan yg #barugajian tinggi di senin malam ini. buat beli cendol sambil nonton serbia ghana korea asik nih, user tinggi kaskus dots rans entertainment mau coba? 

- a thread - https://t.co/5bLnh1qGdk";1
"Jaket Hoodie Resleting Zipper Polos Pria &amp; Wanita Distro Otiginal 
Cek â¡ï¸ https://t.co/UKW0p1C6Z1
âœ… LINK BIO 335

#RacunShopee #fashion #jaketwanita #hoodie #hoodiemurah #hoodiezipper #FYP https://t.co/jdL9JSyX9Y";1
"[4] Kebaya Couple by Zavena Batik

ğŸ’° Rp 65.000 - Rp 195.000
Link : https://t.co/lt1fHPokvI https://t.co/CU85HiR8aP";1
"âš ï¸Racun Shopee Alertâš ï¸

Rekomendasi Tatto temporary aesthetic dan gemoy di Shopee.

- Fruit Ink Tatto
- Basic Tatto

Ketahanan 1-2 minggu, tergantung jenis kulit. https://t.co/jnMyoVrCQs";1
"[THREAD KEMEJA]

KUMPULAN REKOMENDASI KEMEJA KEMEJA PRIA https://t.co/98DzEtzsfg";1
"[3] Kebaya Couple Shakilla Mocca

ğŸ’° Rp 145.000 - Rp 315.250
Link : https://t.co/XXbL3z2wJC https://t.co/eyTfJIdzrt";1
"rekomendasi rok. 

â€” a thread";1
"âœ¨ Distuff-Celana Chino Pendek Abu Tua âœ¨

â­ : 4,7
ğŸ’µ : https://t.co/SwogaZLbeQ https://t.co/rR8qHabp8Y";1
"âœ¨ Distuff-Celana Chino Pendek Khaki âœ¨

â­ : 4,8
ğŸ’µ : https://t.co/1d6j8LCM2A https://t.co/blqCFCBr5Q";1
"âœ¨ Fairgoods Chinos Pendek - Hijau Olive âœ¨

â­ : 4,6
ğŸ’µ : https://t.co/1ejrW0UYos https://t.co/X57OJVLH1p";1
"Buku Catatan Loose Leaf 6 Ring Ukuran A5 / A6 Bahan Kain 

https://t.co/ig9noFslTR https://t.co/uZbiPVHUtE";1
"âœ¨Rekomendasi outfit cowok biar makin keceâœ¨

A thread https://t.co/hs9RRy8Wvb";1
"REKOMENDASI SKINCARE KHUSUS COWOK 

Buat cowok yg pgn mukanya jadi bersih, mulus, bebas jerawat, dan cerah, mimin udh pilihin TOP PICKS skincare brand local khusus buat cowok!

A Thread https://t.co/VyLCPcZfHD";1
"âœ¨ NUTELLA BISCUITS - Biskuit Nutella Eropa âœ¨

Rating : 5,0
Cek Harga : https://t.co/w72fUHxYgT https://t.co/bYdptPvIvP";1
"Rekomendasi parfum murah tapi wangiii 

A thread : https://t.co/6Jw6LrYyZV";1
"ğŸª10 INSPIRASI SNACKğŸª

cocok buat jadi temen ngopi/ngeteh nihğŸ¤¤

âœ¨âœ¨ Sebuah Utas https://t.co/mNtCdwaV3Q";1
"Kotak Tissue Bentuk TV Tempat Tisu + Stand Phone Holder 

Cek â¡ï¸ https://t.co/APFkCjiFnV
Link Bio 334

#RacunShopee #kotaktisu #tempattisu #wadahtisu #tempattisumultifungsi #kotaktisutv #Shopee https://t.co/Hk17e8S3Ws";1
"âœ¨ OISHI PILLOW SNACK 110 GRAM âœ¨

Rating : 4,7
Cek Harga : https://t.co/pqAGwTxQhz https://t.co/oqbAUlDiDK";1
"GUYS! Aku mau rekomendasiin blouse yg beneran baguss!! Bahannya crinkle tp nyaman &amp; halus dipake guys! Serius! Apalagi mumpung diskon tinggal 48k doangğŸ˜±klo mau tau klik link dibawah ya!

Rate: 10/10âœ¨
ğŸ”—https://t.co/wB2XSH5cya

Tags: Raffi Ahmad ANYA FORENSIK  Love Shot https://t.co/iHoOni4wRf";1
"Rekomendasi hadiah wisuda untuk orang tersayang ğŸ’•

a thread âœ¨ï¸ https://t.co/ikOonYjbbI";1
"Rekomendasin ootd kondangan nathalie tulle dotty setğŸ˜masyaallah bagus banget bahannya adem suka dehğŸ¤©spill outfitnya disiniâ¬‡ï¸â¬‡ï¸
ğŸ–‡https://t.co/Ibvoqirjkh
ğŸ–‡https://t.co/Ibvoqirjkh

#ootdhijab #dresskondangan #outfitinspiration #à¸šà¸±à¸§à¸œà¸±à¸™à¸Ÿà¸±à¸™à¸¢à¸±à¸š #FYP https://t.co/MoNTAbEyaA";1
"ğŸ”— Rekomendasi Jaket Parasut ğŸ”—

Jaket keren yang ga hanya membuatmu tambah hangat, tapi juga tambah cool.

A Thread â¤µï¸ https://t.co/DQaYpPEG0C";1
"âœ¨Racun Shopeeâœ¨

Rekomendasi jam tangan kayu Lokal Brandâœ¨

1 : https://t.co/SJika71ijG
2 : https://t.co/56ELgAcuwx
3 : https://t.co/n7paxUdyeg
4 : https://t.co/DHBU8IweXA
â€”
Rans entertainment #RedVelvetBirthdayParty yeri 2023 mama awards rafi ahmad gigi love shot anya kookie up https://t.co/ZC5eBfnftD";1
"Rekomendasi Ssneakers keren dengan harga Afrodableâœ¨
#RacunTokped

A Thread...";1
"Cermin Putar Kayu 

Rating : 4,9
ğŸ’µ : https://t.co/WvjU5SpXKC https://t.co/b7jPsxZ9jt";1
"Meja Sudut Minimalis 

Rating : 4,8
ğŸ’µ : https://t.co/mn7uPwPXuS https://t.co/fixMIpk2Xy";1
"Rak Susun Serbaguna 

Rating : 4,8
ğŸ’µ : https://t.co/UkHV9ow4uL https://t.co/OxGYsNLINb";1
"Gorden Minimalis Motif Premium Montero 

Rating : 4,8
ğŸ’µ : https://t.co/3i7y9ioUoz https://t.co/rVHn6DHj8a";1
"Lemari Rak Buku Serbaguna 

Rating : 4,7
ğŸ’µ : https://t.co/Y0XLKykZAz https://t.co/WnWQFpiXcb";1
"Meja Belajar Meja Kerja 

Rating : 4,7
ğŸ’µ : https://t.co/0F4jDQbnfv https://t.co/PEMQJSLBE6";1
"Karpet Bulu Rasfur Premium Tebal 5,5cm (160 X 100) 

Rating : 4,7
ğŸ’µ : https://t.co/BuKFKNRw2p https://t.co/z1nkmyVm5V";1
"Ambalan Dinding Minimalis 

Rating : 4,6
ğŸ’µ : https://t.co/pcgLS7B0g2 https://t.co/5KpyM93cId";1
"Stand Hanger Baju Gantungan 

Rating : 4,8
ğŸ’µ : https://t.co/jhpHZsMl2Q https://t.co/uHYsQrRE2a";1
"Lemari Kamar Tidur 

Rating : 4,8
ğŸ’µ : https://t.co/R58zZLzEKl https://t.co/Y2JkTaFLFW";1
"Mini Proyektor Portable 

Rating : 4,7
ğŸ’µ : https://t.co/PejOdG1CI7 https://t.co/67BvfyLUc9";1
"Inspirasi Kamar simple low budget

ğŸ”¥ğŸ”¥ Sebuah Utas https://t.co/mrWu1WsFQ0";1
"Rekomendasi shopee ğŸŠ
Baju pakaian atasan wanita kekinian ootd viral fashion murah busana lengan panjang perempuan cewek Cek Kemeja Wanita Polos Casual Blouse basic Kombinasi Warna Lengan Panjang Kekinian Moscrepe 084 A wn dengan harga Rp9.500 - Rp59.900 https://t.co/oh2OaxCERl https://t.co/5tY0xy9BhF";1
"Vest Knitwear One Side Cable Rompi Rajut Pria / Rompi Formal Pakaian Pria Slim Tebal Hangat dan Halus - Gayadotcom Indonesia [KNT 112] 

Rating : 4,8
ğŸ’µ : https://t.co/T1OvQtLZXa https://t.co/pBQpewN2N1";1
"Rekomendasi shopee ğŸŠ
Celana panjang wanita kekinian ootd viral fashion murah bawahan highwaist kulot perempuan cewek Cek Celana panjang wanita baru slim-fit high-waist straight-leg wide-leg jeans celana highwaist wanita dengan harga Rp89.000 - Rp105.000 https://t.co/WSCfuISF2k https://t.co/HypjwNNe4B";1
"Kacamata las otomatis auto darkening 

 https://t.co/Z2fPIoIlFL

Now Trends â€¢ south Korea Raffi Ahmad Serbia Anya forensik bye bye Kaskus Irene #ì‚¬ë‘í•˜ëŠ”ì°¬ì—´ì•„_ìƒì¼ì¶•í•˜í•´ #FIFAWorldCup #FIFAWorldCup2022 https://t.co/BVATOcbM8n";1
"- OUTER CANTIK -

ğŸ–‡ï¸ https://t.co/1rXdTv9YOG

T. Senin #barugajian ANYA FORENSIK #SiBiruBiru Shopee-ku Rafi Ahmad https://t.co/gvp1fDULcb";1
"Rekomendasi shopee ğŸŠ
Skincare untuk kulit wajah mencerahkan melembabkan memperbaiki lapisan kulit skin barrier cerah putih murah viral kekinian Cek Kelly Pearl Cream 15gr - 5gr - Krim Wajah - Foundation dengan harga Rp4.900 - Rp8.700. Dapatkan sekarang! https://t.co/DNf6sDiycx https://t.co/5QQtXFOXz2";1
"Rekomendasi shopee ğŸŠ
Baju pakaian atasan wanita kekinian ootd viral fashion murah busana lengan panjang perempuan cewek kemeja motif gambar bunga flora trendy Cek GFS NEW ARRIVAL MIRSANY SHAKILA BLOUSE dengan harga Rp39.999. Dapatkan di Shopee sekarang! https://t.co/O5hZF9itfT https://t.co/dkIEf9LLVd";1
"Kombinasi produk-produknya HAUFF asli sih bikin perubahan drastis di wajah mimin, next mimin pasti repeat order, dan rekomendasi bgt buat kalian pake 

Untuk produknya kalian bisa cari di Toko Online:
Shopee: https://t.co/PGQazGSfGx
Tokopedia:https://t.co/ku5v4cq1FV";1
"Rekomendasi shopee ğŸŠ
Celana panjang wanita kekinian ootd viral fashion murah bawahan highwaist kulot perempuan cewek Cringkle Cek AFI - EC - â­ï¸ PREMIUM AIRFLOW CRINCLE â­ï¸ Viora Pants kulot CRINCLE dengan harga Rp37.500. Dapatkan di Shopee sekarang! https://t.co/GZTzfgYgvy https://t.co/fPHa0DR8Fs";1
"Rekomendasi Moisturizer Untuk Memperkuat &amp; Merawat Skin Barrier

A thread https://t.co/KUxMceueZ9";1
"Rekomendasi Shopee Edisi Aksesoris Laptop untuk menghiasi laptopmu.

Cocok bagi kamu yang ngerasa bosen karena laptop yang monoton. Jadi kalau nonton #FIFAWorldCup , #Netflix , dan #gaming  pun lebih berwarna.

A thread https://t.co/PYOIaLPRTw";1
"Rekomendasi Outfit Kuliah
Inner https://t.co/RIuX8TEvtU
Kemeja https://t.co/btZoa0PCKv
Jam https://t.co/wpzyphDWpM
Tas https://t.co/SNix53ASUb
Rok https://t.co/MnAPG5h0IR
Kaos kaki https://t.co/NHKEfgTpBB
Sepatu https://t.co/JnJPCewmBZ
Rafi Ahmad Odol ANYA FORENSIK Shopee-ku https://t.co/rhqcEy1ie0";1
"[2] Kebaya Couple by Zavena Batik

ğŸ’° Rp 65.000 - Rp 195.000
Link : https://t.co/k5fg1kk5Z5 https://t.co/n7i2BthCE3";1
"REKOMENDASI OVEN MINI

 https://t.co/OLOvopxj2L
 https://t.co/QCt6Vz2HWM
 https://t.co/e42GLqcleD
 https://t.co/6eCGYkcD5m
 https://t.co/viSBB9gGKO
 https://t.co/TVH6X2IyLw

T. Oven Shopee-ku senin bye bye baru gajian wendy sibirubiru love shot anya forensikIrene odol";1
"Thread REKOMENDASI LOOSE POWDER UNTUK
KULIT OILY
Berikut review loose powder yang bisa kalian cobain!
PDC Mercredi #2 (30g) https://t.co/Tp6iArseeN
Merupakan produk kolaborasi mercredi 
Tags : Rafi Ahmad
Source : Echa Nabila https://t.co/CLZy4tB5eO";1
"rekomendasi sling bag kanvas under 100k!!~

1. https://t.co/hERUirFnnj
2. https://t.co/5tApCaoNwc

â€”â€”
love shot anya forensik kaskus cendol wendy zoom sore serbia bye bye gigi aomg ningning irene odol seonho yeri #CHESHIRE_MVTEASER #HyunBin #HEESEUNG #RedVelvetBirthdayParty https://t.co/zaSQHmXl24";1
"ğŸ‘œRekomendasi Totbag Korea StyleğŸ‘œ

1. https://t.co/xKcTHXjuDj
2. https://t.co/pBTe9Dnsaw
3. https://t.co/tG21rcRzxc
4. https://t.co/dVG0kqhAFe

#shopeeaffiliate #shopeehaul Shopee-ku #odol #RedVelvetBirthdayParty yoona #IRENE #MINJI #HEESEUNG #Loveshot #RedVelvet https://t.co/fQO359j9v0";1
"MDPK - Basic Tank - Bottle Green 

Rating : 4,9
Cek Harga : https://t.co/wXv4ZiemJL https://t.co/GSUurIUwHc";1
"MDPK - Basic Tank - Ash Grey 

Rating : 4,8
Cek Harga : https://t.co/UJ2OUbOuv6 https://t.co/rJWZbkNf7h";1
"MDPK - Basic Tank - Soft Green 

Rating : 4,9
Cek Harga : https://t.co/3PVHar03zW https://t.co/o0K4IuFcsL";1
"BBS Plaster Luka / Hansaplast Anak &amp; Dewasa

https://t.co/i7fzwtYc72 https://t.co/r6BiO4j9qc";1
"MDPK - Basic Tank - Black 

Rating : 4,9
Cek Harga : https://t.co/NZOSWoHr5l https://t.co/yQ8KGUk9FP";1
"Kaos Polos Doplang Pria Cotton Combed 30s Premium 

Rating : 4,9
Cek Harga : https://t.co/3QRwxSvenT https://t.co/amjgFJhPTB";1
"LEMONE Combed Spandek Baju Singlet Kaos Dalam Polos Tanktop Pria 

Rating : 4,8
Cek Harga : https://t.co/SpI4bOL048 https://t.co/jdoK66edo8";1
"JipClo Singlet Pria /tanktop pria/Kaos Dalam/Dalaman cowo 

Rating : 4,8
Cek Harga : https://t.co/n0AV9gcFKE https://t.co/gl924srFyp";1
"Penghitam body motor permanent murahğŸ‘‰https://t.co/1a9iCgpwRs

Sore Wendy Irene hobi makan cendol kyungsoo #barugajian beli odol di shopee-ku shopee 11.11 Anya forensik dengerin love shot Kaskus bye bye taekook #SiBiruBiru https://t.co/d240GTCeLb";1
bye bye anya forensik shopee-ku odol wendy cendol baru gajian love shot jake RedVelvet SiBiruBiru hyunjin irene loona https://t.co/vYsChS6thb;1
"ğŸŒ¼Rekomendasi Tablet TerbaikğŸŒ¼

1 https://t.co/XIdU8fbsuL
2 https://t.co/c9ie0v1aQh
3 https://t.co/JJX0SxCxbh
4 https://t.co/XwIzLjOD0c
5 https://t.co/kC0gqIzIJB
6 https://t.co/QjCE76KHhL

Shopee-ku Wendy Odol Love Shot Sore Loona BYE BYE #RedVelvetBirthdayParty #HyunBin https://t.co/arAhQwa2G7";1
"Rekomendasi baju batik gemess

1. https://t.co/saecMEWzYA
2. https://t.co/j6gbbECYH1
3. https://t.co/xpP60NC2Is
4. https://t.co/bf0zumOsaV
5. https://t.co/1UCsZkDVx0
6. https://t.co/jPWcAezJ0e

Izin tag. Shopee-ku anya sore beli cendol sama wendy nct 127 taekook #RedVelvet https://t.co/HDC8Wn3eLX";1
"ğŸŒ·Rekomendasi Totebag ğŸ’—
â€” Bahan tas tebal, bisa muat buat laptop kamu juga. Cocok banget buat ngampus ğŸ’—

ğŸŒŸ 4.9
ğŸ”— https://t.co/0mjcaUhk0r

Izin Tag : anya forensik shopee-ku bye bye mendung provokator sore kaskus odol #SiBiruBiru #barugajian https://t.co/BuGSmjWhah";1
"ğŸŒ·Rekomendasi Panci Listrik Serbaguna ğŸ’—
â€” Panci listrik serbaguna, anak kosan wajib banget nih buat punya ğŸ’—

ğŸŒŸ 4.8
ğŸ”— https://t.co/7ciWOQ3CoT

Izin Tag : anya forensik shopee-ku bye bye mendung provokator sore kaskus odol #SiBiruBiru #barugajian https://t.co/x1gRKMv3nS";1
"Blouse

1. https://t.co/cwfS4pFljr
2. https://t.co/0DkmDNM1Xc
3. https://t.co/QU4UZe2FH6
4. https://t.co/LURDmBDEVW
5. https://t.co/UGZvNMoLir
6. https://t.co/rMYoFWXH7l

ANYA FORENSIK, Kaskus, Cendol, #RedVelvetBirthdayParty #barugajian https://t.co/vbuAAf7Sqn";1
"Thread Lip gloss + serum + ada tintnya juga new product
LUXCRIME
https://t.co/MyMtBffVHP
 LIP SERUM GLOSS https://t.co/658XIt8m7u
Luxcrime x Kiara Leswara: NOVEMBER WISH
Warnanya cakep, disawo matang juga oke, bikin wajah jadi fresh gitu.
Tags : ANYA FORENSIK
Source : Natasyarr https://t.co/O8lwdNdxsc";1
"bismillah beli mukena traveling yuk

ijin tag. shopee-ku anya forensik #SiBiruBiru love shot smtown nia ramadhani odol #barugajian #CherryPrinceLoeyDay directed by v mirip kyungsoo #barugajian senin melon https://t.co/UdEW6DxTTy";1
"rekomendasi sling bag kanvas under 100k!!~

1. https://t.co/hERUirFnnj
2. https://t.co/5tApCaoNwc

â€”â€”
love shot anya forensik kaskus cendol wendy zoom sore serbia bye bye gigi aomg ningning irene odol seonho yeri #CHESHIRE_MVTEASER #HyunBin #HEESEUNG #RedVelvetBirthdayParty https://t.co/zaSQHmXl24";1
"Nacific Phyto Niacin Whitening KIT Skin Care RENEW 

ğŸ’¸ Rp199.000. 
âœ¨ https://t.co/LCCnMdmFMbâœ¨

Rafi Ahmad Gitasav #IbukotaBaruMendunia ANYA FORENSIK Odol BYE BYE Shopee-ku https://t.co/BxvPYimEK7";1
"SKINCARE MENCERAHKAN KULIT BELANG

t. kim jisoo park chanyeol lily bye bye south korea minji yoona odol hobi jajar genjang anya forensik wendy irene senin sore sane johnny taekook #RedVelvetBirthdayParty #RedVelvet #racuninskincare #racunshopee #shopmycloset #rekomendasishopee https://t.co/TeTnI2T8KK";1
"JUAL CEPATT!!!!

Ipad Air 64gb + pencil
NOMINUSâœ…
FREE KEYBOARD + MOUSE

Bekasi - sekitarnya

Anya Forensik Penjilat Odol Wendy #PrankGBK #SiBiruBiru Tempur https://t.co/4rltvT2vTV";1
"âœ¨Rekomendasi jam tangan imut lucu kalian para ciwi ciwi wajib punya ini deh langsung kepoin aja yukğŸ‘‡ ğŸ«°
1. https://t.co/sfhFeEzQL8
2. https://t.co/dbw1wqolry
3. https://t.co/GeiaWrQbjT
4. https://t.co/tlEpDsBff3

Tag:  Shopee-ku BYE BYE hobi Love Shot Loona Kaskus Sore https://t.co/3SMHpBmK7R";1
"Rekomendasi Renjun OOTD Casual

     --A HTREAD--

Shopee_ku Wendy #HyunBin Odol Love Shot hobi ANYA FORENSIK #HEESEUNG lily Irene Kyungsoo Minji Jessica #THEDREAMSHOW2_in_YOKOHAMA  Somi seulgi Sakura #RENJUN #ShopeeID #The_ReVe_Festival_2022  #RedVelvetBirthdayParty https://t.co/DkJjvBTtPi";1
"Sepatu Ventela Toy Story New Design

â­ 4.9
ğŸ”— https://t.co/Sw9hcBYu8i

Directed by V Seonho ANYA FORENSIK Wendy Yeri Irene Kookie Hobi Cendol Kyungsoo Shopee-ku Love Shoot SHOPEE 11.11 Odol #HyunBin #JAKE https://t.co/P12sXDZl2h";1
"Jual cepattt Ipad Air 64gb

NOMINUSâœ…
FREE keyboard + mouseâœ…

Bekasi - sekitarnya

ANYA FORENSIK Wendy Shopee-ku #SiBiruBiru Love Shot https://t.co/8eHm8pSGlV";1
"REKOMENDASI DRESS BRUKAT ( DRESS KONDANGAN  ) 
1. https://t.co/esweoXHSLg
2. https://t.co/I99lD5EnB1
3. https://t.co/qLuxtArKCB
4. https://t.co/9SXZpdTKqc
5. https://t.co/SowwBAkXkd
6. https://t.co/7pXQ6Y988V
7. https://t.co/uLsJUEs0RA

 Shopee-ku anya forensik wendy #barugajian https://t.co/pK3Snzw49i";1
"Catok Sisir Pelurus Rambut Termurah 2in1. Beli disiniğŸ‘‡
https://t.co/QEayAjzuBZ
. 
. 
Sore Wendy Irene hobi makan cendol kyungsoo #barugajian beli odol di shopee-ku shopee 11.11 Anya forensik dengerin love shot Kaskus bye bye taekook #SiBiruBiru #Messi https://t.co/fUcLGqXRE8";1
"White blouseâœ¨

Shopee-ku odol anya forensik galaxy a33 5g hujan #barugajian mendung kaskus joget #IbuKotaBaruMendunia Petualangan sherina 2 Deres https://t.co/S5RypwUC4z";1
"Pel Semprot Termurah Cuma 20rbğŸ˜
Beli disiniğŸ‘‡
https://t.co/g9dUaV9krA

Sore Wendy Irene hobi makan cendol kyungsoo #barugajian beli odol di shopee-ku shopee 11.11 Anya forensik dengerin love shot Kaskus bye bye taekook #SiBiruBiru https://t.co/LpP8uiujgh";1
"Rak kosmetik cuma 12rb ğŸ‘‡
https://t.co/MsqyBp22R9

Sore Wendy Irene hobi makan cendol kyungsoo #barugajian beli odol di shopee-ku shopee 11.11 Anya forensik dengerin love shot Kaskus bye bye taekook #SiBiruBiru https://t.co/G3Lai6wx7C";1
"Power Bank Robot 10000 MaH dual input micro &amp; C

https://t.co/YxpDFVucha

Tag: Rafi Ahmad ANYA FORENSIK The Big 4 Odol Kaskus Gitasav #IbukotaBaruMendunia Provokator Galaxy A33 5G Cendol Tempur Shopee-ku Mendung #PrankGBK #barugajian Bupati Relawan https://t.co/ENcURCUvBH";1
"Rekomendasi Outer / Kardigan / Cardigan Oversized Cakep buat OOTD âœ¨ï¸

â­ï¸ 4.9
ğŸ“ https://t.co/bFzH1FmdBz

Tag: taekok Wendy Loona odol #rekomendasi #shopee #racunshopee #racunbelanja #RedVelvet #cardigan #outer #OOTD #ootdStyle #fashion #kardigan #BTS #jungkook #Messi https://t.co/BERbl3s4BO";1
"Review vaseline gluta hya putih dalam 5 hari

https://t.co/8MxcTcaUjJ

Rafi Ahmad | Galaxy A33 5G | Shopee-ku | Anya Forensik |  The Big 4";1
"Parfum dengan aroma terbaik, masih diskon lohğŸ˜
Cuma Rp 65.000 aja kamu udah bisa dapetin parfum semewah iniâ˜ºï¸
udah pasti parfum ini tahan lama yaa!

https://t.co/NfVqzV8Yjk

Gitasav Shopee-ku penjilat #PrankGBK relawan #BiroJomblo ANYA FORENSIK love shot #SiBiruBiru odol https://t.co/DWKjvTGF9H";1
"Outfit pastel 

Sore Wendy Irene hobi makan cendol kyungsoo #barugajian beli odol di shopee-ku shopee 11.11 Anya forensik dengerin love shot Kaskus bye bye taekook #SiBiruBiru https://t.co/OuLnPXRjtw";1
"rekomendasi sneakers cewek 155rb

https://t.co/c6Q7HwCmuI

Wendy Langa BYE BYE Anya Forensik Kaskus taekook reki irene Mendung https://t.co/YKM5SkYhXC";1
"âœ¨Rekomendasi Rok Aestheticâœ¨

1. https://t.co/w6bYD6okVU
2. https://t.co/MNUCX0A516
3. https://t.co/HWAoEbP0pN
4. https://t.co/8rdyV41RuO

On A Ride HEEJAYKE PERFECT HARMONY BYE BYE Belgia Senin Maroko hobi Kaskus Spanyol Wendy Benny ANYA FORENSIK Kapolres https://t.co/xa0E0HRFB8";1
"Jersey Running bisa cek disini ya, dapatkan vouchernya jgğŸ‘‡ğŸ”¥ğŸ‘‡

https://t.co/X2zah8zxeW

ANYA FORENSIK
Rafi Ahmad
Odol";1
"Inspirasi Sekat Ruang Tamu Kecil Minimalis. Mempunyai hunian yang terbatas menjadi masalah untuk keluarga masa kini. Namun jika kamu tetap ingin mempunyai...

Selengkapnya : https://t.co/VhuNoDP4iY

#inspirasi #ruang #tamu #minimalis #RedVelvetBirthdayParty Senin ANYA FORENSIK https://t.co/JvP1OE5EFs";1
"Rekomendasi sandal tali wanita
1 https://t.co/9CUokwgnj5
2 https://t.co/e6DtmnPulP
3 https://t.co/DgJtAIy8LE
4 https://t.co/N3F2QlEodB
5 https://t.co/KxTXfPZoUr
6 https://t.co/DqqDiu6A9S

#racunshopee sendal main flat anya forensik wendy directed by v shopee-ku senin sore minji https://t.co/0KYfuXMGCP";1
"Case HP cakepâœ¨

Anya forensik rossa shopee-ku love shot baekhyun maroko kyungsoo open sharing click x nct 127 rafi ahmad PrankGBK Jakarta the Big 4 smtown gitasav #barugajian
1.https://t.co/P1MRowvwVe
2.https://t.co/KtuhuFVWWf
3.https://t.co/fLI3GOIjBD
4.https://t.co/fucLsaWkTZ https://t.co/5ue5aQ1ww3";1
"[ORIGINAL NEW] Sepatu Compass Gazelle Low

â– Diskon 17% Rate 4.9 â­
ğŸ”— https://t.co/Fy4DsZi1MC

Hobi Shopee-ku Directed by V SMTOWN Kyungsoo ANYA FORENSIK Rossa Taekook Kookie Irene #SonYeJin #HyunBin #barugajian #SiBiruBiru https://t.co/7ivcLMqruo";1
"Korean Mini Bag | Pillow hand bag
ğŸ€ https://t.co/AgVHqRGRgE

t. anya forensik shopee-ku penjilat balenciaga smtowm prankgbk love shot cakep dijebak taekook hobi chaewon https://t.co/EsnZJnXDds";1
"Plastik KLIP POUND
Ini Cocok buat kamu yg jualan Pakaian / Hijab.
Minat? Hubungi kami di ??
- Shopee / Tokopedia : SEJATIPRINTING
- WA : +62 812-2522-0401
atau klik (https://t.co/IGxkn5p81v)

ANYA FORENSIK | The Big 4 | Rossa | Rafi Ahmad | #PrankGBK https://t.co/4fnVc8K3Ry";1
"Rekomendasi rok plisket cakep! 
ğŸŠ https://t.co/rL8RuWINMd
ğŸŠ https://t.co/hxxezXrcYc
ğŸŠ https://t.co/kjuYhrlFgv
ğŸŠ https://t.co/7fhmu11hUA

â€”â€”â€”â€”â€”
Shopee-ku Kyungsoo ANYA FORENSIK Love Shot #SiBiruBiru SMTOWN nia ramadhani odol #barugajian #CherryPrinceLoeyDay https://t.co/e8YBMbMF5M";1
"anya ---- ANYA

Coba cek ini, deh: ""Stiker Sticker Anime Spy X Family Paketan"" Rp25.000 di toko NUME SHOP Tees &amp; Toys Tokopedia. Bisa bebas ongkir, lho.
https://t.co/W89uVpSrWl

spy x family anya forger loid yor waku waku https://t.co/XgwdrWDwoW";1
"Sage green outfit ideas ğŸƒ

a thread

t. Senin siang Anya forensik Anya forger beli odol di shopee-ku event shopee 11.11 hobi designer taekook rossa open sharing click x nct 127 Johnny jualan cendol di smtown kookie kyungsoo irene suju ke maroko ive first daesang https://t.co/W1Dl9tW7Ba";1
"Inspo casual bisa cek disiniâœ¨
cardigan:https://t.co/FC3aUsytCq
kaos:https://t.co/6TCjHuRBEP
slingbag:https://t.co/9TEVyFJk8T
jeans:https://t.co/JqTtoO0G1Z
sneakers:https://t.co/IWZAvOKjiZ

t. Shopee-ku Kyungsoo ANYA FORENSIK Odol Hobi  Love Shot Siang Directed by V Maroko SMTOWN https://t.co/4cKXL5veH4";1
"Gratis Ongkir &amp; Cashback hingga 10rb (khusus ditoko kami) ğŸ‘‡

Yang lagi butuh tinta printer ori untuk kebutuhan kantor dllnya bsa diorder ditoko kmi ya

Jenis:EpsonCanonHPBrother

https://t.co/k45smI1G0j

Rafi Ahmad ANYA FORENSIK Odol #SonYeJin Love Shot #barugajian Tempur SMTOWN https://t.co/oJd40s0tOr";1
"Rekomendasi hp 1-2jt an nih ğŸ˜»

tags. penjilat anya forensik shopee-ku SMTOWN odol maroko hobi kyungsoo love shot siang
#SiBiruBiru #barugajian #kameraday https://t.co/W6BAiFq6BM";1
"Rekomendasi sepatu mid block heels
1. https://t.co/7ILPMySOOM
2. https://t.co/U0p6eLZqFV
3. https://t.co/UFWnS2q4Tu
4. https://t.co/hAK8PtMZbp

Shopee-ku anya forensik hobi nonton taekook directed by v #SiBiruBiru #PrankGBK https://t.co/8OcKWpOE4M";1
"Rekomendasi Tas Terlaris Dari Calvic Kylie ğŸ‘›ğŸ‘œ
- A Thread -
Gais hari gua spill Tas ğŸ‘›ğŸ‘œ Terlaris dari Brand Calvic Kylie yang Cocok banget dipakai hangout atau ke kondangan dan yang Pastinya Ori Dong 
Spanyol maroko  raffi ahmad  nia rahmadani 
ğŸ‘‰ğŸ‘‰ https://t.co/XK2DuinMqH https://t.co/cjMJ361ooe";1
"Flyman Celana Dalam Boxer Pria 1 Pcs Premium Modal Fabric FM 3056 

Rating : 4,9
Cek Diskon : https://t.co/I9MlSSxpoD https://t.co/fbgfrRxTFA";1
"Gt Man - GMX Celana Dalam Karet - 3Pcs - Multicolour 

Rating : 4,8
Cek Diskon : https://t.co/kJbPRY6l3E https://t.co/KpStwfuSwf";1
"Tas clutch cewek praktis 

t. Anya forensik siang kaskus johnny #XuKai #SpotifyWrapped  #SonYeJin #CHESHIRE_MVTEASER #barugajian #HyunBin #ShopeeKaraokeDapetMobil #BigSale1111TVShow https://t.co/A0XqV47DUG";1
"""Jas Hujan Sea Lion B01 Jaket Celana All Size - Black"" 

ğŸ–‡ï¸https://t.co/Scr56rsqH1

ANYA FORENSIK Penjilat Maroko Shopee-ku #SonYeJin #PrankGBK #SiBiruBiru #barugajian Kyungsoo https://t.co/5bDzTd4qNG";1
"""MINISO Sandal Pria Rumah Slipper Selop Comfortable Nyaman Flip Flop - Deep Blue, 41-42""

ğŸ–‡ï¸https://t.co/78kYH0Byzz

ANYA FORENSIK Penjilat Maroko Shopee-ku #SonYeJin #PrankGBK #SiBiruBiru #barugajian Kyungsoo https://t.co/QfIJZpQnlX";1
"Coba cek ini, deh: ""LocknLock Dandy Tumbler Screw 500ml - LHC4281 - 

ğŸ–‡ï¸https://t.co/5l3q6hMvL8

ANYA FORENSIK Penjilat Maroko Shopee-ku #SonYeJin #PrankGBK #SiBiruBiru #barugajian Kyungsoo https://t.co/5E4iL34WC9";1
"âœ¨ PARFUM âœ¨

Rekomendasi Parfum Vintage buat ayangnya para bujang nih.

 ğŸ”— https://t.co/t16vNug03e

T: nct shopee-ku birthday mv teaser belgia maroko senin kaskus kyungsoo spanyol Hobi Ilusi anya forensik love shot
#SiBiruBiru #SonYeJin #barugajian #CherryPrinceLoeyDay https://t.co/JsZvfKCqbT";1
"Set piyama wanita polos/homewear 
Cek â¡ï¸ https://t.co/JhDr2wyhLq
LINK BIO 332

#RacunShopee #bajutidurmurah #setpiyama #piyama #bajutidur #piyamamurah #piyamakekinian #piyamawanita #piyamapolos https://t.co/6e2XSSBw3m";1
"korean knit crop topâœ¨

â­4.8 - 5
ğŸ–‡https://t.co/q7upPyVThz
ğŸ–‡https://t.co/6dzr5Sgsya
ğŸ–‡https://t.co/KQlfPMm1xL
ğŸ–‡https://t.co/aCUvnvvQ9a

Shopee-ku ootd kerah taekook wendy anya forensik directed by v kyungsoo siang maroko hobi love shot johnny smtown #SiBiruBiru #SonYeJin https://t.co/RQmCUwSqAu";1
"Brown vintage dress ideasâœ¨âœ¨

Anya forensik rossa shopee-ku love shot baekhyun maroko kyungsoo open sharing click x nct 127 suju siang directed by v #barugajian https://t.co/1vYEXbM6CD";1
"âœ¨SUNSCREENâœ¨
Rekomendasi sunscreen yang nyaman, tidak menimbulkan whitecast, dan tidak merusak makeupğŸ¤©

A thread

#PrankGBK #barugajian senin kyungsoo happyloeyday ANYA FORENSIK #CherryPrinceLoeyDay #SiBiruBiru love shot OPEN SHARING CLICK X NCT 127 https://t.co/zFnlKw2pcz";1
"sepatu kronikel
ğŸ”—https://t.co/5RShLCWfsZ
ğŸ”—https://t.co/d39dLAAhyc
ğŸ”—https://t.co/f8BnGkTUMY
T. Shopee ku Hobi jhopemama kookie bts taekook love shot si biru kyongso cerita Ive Daesang open nct  hyunbin sonyejin odol directed v Johnny Anya smtown blackpink gbk thedream pidi nia https://t.co/dPOSEFRJmh";1
"Rekomendasi shopee ğŸŠ
Organizer tempat penyimpanan menyimpan barang skincare makeup perhiasan murah viral kekinian HC Organizer Korea 3 sekat serbaguna  Storage Bag gantung 3 sekat Storage Bag gantung Kantong Penyimpanan Hiasan Dinding dengan harga Rp8.499 https://t.co/XHpsptlmui https://t.co/IFlk2diF2z";1
"Town Shell Korean Pillow Hand Bag / Tas Kecil Korea / Korean Mini Bag / Tas Bahu Import 

Rating : 4,9
ğŸ’° : https://t.co/i6JK6eLmUy https://t.co/UdoL9LOMdB";1
"Rekomendasi One Set Pajamas Pria.

https://t.co/EpgxjlcJsG

Nia Ramadhani Maroko Morn Yixing Belgia Musiala SMTOWN BIGBANG Odol Love Shot Jaehyun Sane #PrankGBK #kameraday #FirstLove #è¦è¦æå®šå€‹è¦ https://t.co/13URVTEukQ";1
"Rekomendasi jam tangan wanita best seller 2022!!

- a Thread - https://t.co/t0J6OUlBbO";1
"Good..

Pakansari LEE HAECHAN Saddil Dimas Drajad Indonesia 2-1 Curacao Dudung Qatar CSIS PBSI STNK Google Play Neck Deep Supra Ciuman #SaldoKaget #TimnasDay #FIFAMatchday https://t.co/9axjEUhYY7;;;;";0
Curacao;0
"Sempurna, Timnas Indonesia Lengkapi Kemenangan 2-1 Atas Curacao https://t.co/KrAULBdIaS

#indonesiadaily #indonesiaupdates #indonesiamaju #timnasindonesia #indonesia #sepakbola #skor #timnasgaruda #skor;;;;";0
"Tampil Apik, Indonesia Kembali Kalahkan Curacao  dalam Laga FIFA Matchday
#TimnasDay Saddil Witan #FIFAmatchday https://t.co/oRPOZspig5;;;;";0
"Btw cara ferrari buat provokasi pas kartu merah juninho itu ala2 pemain eropa sih, abis dikerubutin dia dg tenang gak pake emosi langsung hindarin kerumunan pemain curacao. ğŸ˜‚ğŸ˜‚

Guling2an nya si marselino juga mirip neymar ğŸ¤£ğŸ¤£;;;;";0
"Lanjutt...

Pakansari LEE HAECHAN Saddil Dimas Drajad Indonesia 2-1 Curacao Dudung Qatar CSIS PBSI STNK Google Play Neck Deep Supra Ciuman #SaldoKaget #TimnasDay #FIFAMatchday https://t.co/fwqT4IQNbH;;;;";0
"Ini adalah pertemuan kedua negara dalam hitungan hari. Sebelumnya Indonesia vs Curacao berlangsung di Gelora Bandung Lautan Api, Sabtu (24/9/2022).
https://t.co/dFUWtcxpqk;;;;";0
"SEGINI DOANG NIH CURACAO ğŸ—¿;;;;";0
"Wih seru Indonesia menang lagi 

ğŸ‡®ğŸ‡© INDONESIA  2-1 CURACAO ğŸ‡¨ğŸ‡¼;;;;";0
"Baru denger ada negara namanya Curacao ğŸ¤£;;;;";0
Penampilan Witan Sulaiman dalam #FIFAMatchday patut mendapatkan atensi khusus;0
"Tim Liga 1 gaada yg mau transfer pemain Curacao? Udh cocok skill baku hantamnya ğŸ™;;;;";0
"Indonesia vs Curacao di GBLA 3-2
Indonesia vs Curacao di Pakansari 2-1
di gbla nonton, di pakansari henteu soalna aya kuliah
nuhun timnas abi banggaâ¤ï¸ğŸ¤;;;;";0
"Indonesia 2-1 Curacao
Dendy Witan luar biasa â¤ï¸

Pakansari LEE HAECHAN Saddil Dimas Drajad Indonesia 2-1 Curacao Dudung Qatar CSIS PBSI STNK Google Play Neck Deep Supra Ciuman #SaldoKaget #TimnasDay #FIFAMatchday https://t.co/QCx7MAQvFy;;;;";0
"Demi apa gw kira Curacao tu nama club dari Jepang.. wkwkwkwk #FIFAMatchday #TimnasIndonesiaHebat;;;;";0
Kedua;0
"Inilah Profil Dendy Sulistyawan, Pencetak Gol Kemenangan Timnas Indonesia saat Lawan Curacao https://t.co/vWAqY5ufqM 

#TimnasDay #TimnasIndonesiaHebat Dendy Sulistyawan l Dimas Drajad;;;;";0
@dikavaradilla curacao sebelah mananya spanyol;0
"@SantorinisSun Jerman aja dilibas apalagi cuma curacao;;;;";0
Plt Bupati Bogor Borong Tiket Indonesia vs Curacao;0
"@PSSI klo nyari sparring jgn timnas yg isinya pemain tarkam.. emosi mulu.. Curacao kasi lawan PPSM Magelang atau Temanggung aje..;;;;";0
FT FIFA Friendly Match : Indonesia 2-1 Curacao. (Dimas Drajad;0
"@idknickig288181 Indonesia vs Curacao;;;;";0
"@YoFernand_ @alfredihendri1 @panditfootball lepar"" pas habis pemain curacao nendang bola ke tribun;;;;";0
"Sesungguhnya melawan Vietnam 10x akan jauh lebih bermanfaat ketimbang melawan Curacao 2x.

Cc: @PSSI 

Sekadar saran dari penonton layar kaca.;;;;";0
"Dramatis! Akhirnya Timnas Indonesia Berhasil Kalahkan Curacao dengan Skor Akhir 2-1 https://t.co/WsXqlkwKx2;;;;";0
"@FOOD_FESS sushi tei jg ssminggu sebelum dan sesudah ultah kl ga salah;;;;";0
Kena Kartu Merah;0
"Ini pemain Curacao ada dendam apa sama Irianto. Dilanggar Mulu haha.;;;;";0
"@The_RedsIndo @Concacaf Virgil van dijk milih timnas curacao dibanding timnas belanda dan menggunakan no 4 tadi terlihat;;;;";0
"Siapa kita , INDONESIA ğŸ‡®ğŸ‡©â¤ï¸

Pakansari LEE HAECHAN Saddil Dimas Drajad Indonesia 2-1 Curacao Dudung Qatar CSIS PBSI STNK Google Play Neck Deep Supra Ciuman #SaldoKaget #TimnasDay #FIFAMatchday https://t.co/SpQcTCBy25;;;;";0
"Golll dari dendy sulistyawan memastikan kemenangan bagi timnas indonesia atas curacau #TimnasDay #TimnasIndonesia #Curacao #Ultras #trending https://t.co/2VgIQZM1lo;;;;";0
kiper Curacao harusnya dipanggilin ustad tuh;0
@kontralevel1978 @Yamyug @idextratime itu dia kepancing emosinya;0
"Gol Dimas Drajad mirip seperti Gol @bepe20 ke gawang Bahrain di Piala Asia 2007..
Shoot luar kotak dari Firman Utina, bola muntah di Sambar BePe..;;;;";0
@registaco Pertukaran budaya memang penting;0
"Gw yakin kalo tadi mainnya di GBK / JIS pemain curacao keknya bsa menang tu;;;;";0
"Timnas Indonesia sukses taklukkan Curacao dengan skor akhir 2-1

Kerja bagus, Terima kasih Garuda!ğŸ‡®ğŸ‡© #TimnasDay https://t.co/XZKEZqppEt;;;;";0
"Timnas Indonesia kembali mengalahkan Curacao dengan skor 2-1
https://t.co/qavzbVk3jC https://t.co/hJx50GC9Td;;;;";0
"@halupulisi Oman,Bahrain,Thailand kita rematch kalau perlalu gabungin sekalian

#tweetsombong;;;;";0
"Peluit panjang menutup permainan;
Indonesia 2 - 1 Curacao
Wangi-wangi juara mulai merebak....

#TimnasDay 
#SelamanyaGaruda;;;;";0
"Indonesia 2 - 1 Curacao ğŸ˜ğŸ‘;;;;";0
"@hrdbacot Apa cuman saya yang melihat kiper curacao ternyata adalah @KhabyLame;;;;";0
"@memefess Curacao darussalam;;;;";0
"Gol cepat Dimas Drajad ğŸ’¥ğŸ”¥

Pakansari LEE HAECHAN Saddil Dimas Drajad Indonesia 2-1 Curacao Dudung Qatar CSIS PBSI STNK Google Play Neck Deep Supra Ciuman #SaldoKaget #TimnasDay #FIFAMatchday https://t.co/hxoe6qHGiA;;;;";0
"FT: Indonesia 2-1 Curacao
Shin tae yong Mantapp, dua kali #FIFAMatchDay ketemu Curacao, dua kemenangan berhasil diraih timnas.

#TimnasDay  (witan,saddil,dimas drajad,juninho bacuna) https://t.co/gSbSH3leLV;;;;";0
"sumpah sih ya gue tau main sepakbola emang susah kalo gak kasar cmn si curacao kasar banget anjir, normalnya main kaki ini mah main tangan juga, itu timnas sampe pda kena gamprat gitu muka""nya njir sengaja bnget, mampus deh kalah lo, udah kasar kalah juga;;;;";0
"Viral tenan video iki ğŸ˜… https://t.co/Tq1zKjManC;;;;";0
Hasil Timnas Indonesia vs Curacao: Main Kasar Jagoan Curacao Dikartu Merah;0
Hasil FIFA Matchday Timnas Indonesia vs Curacao 2-1;0
"Pertama, Curacao ini rank 84.
2 kemenangan ini bikin Indonesia bisa naik peringkat, meskipun ga terlalu signifikan, tapi ya, lumayan buat pencitraan. Push rank.;;;;";0
"FT : INDONESIA 2 VS 1 CURACAO

""Kuakui kamu cantik hari ini garuda"";;;;";0
Curacao emang kacau main bola kayak bukan Tim 80 an di fifa...kasar main tangan mulu bikin pelanggarannya kayak sarang penyamun.harusnya peringkat nya untuk Timnas Garuda.Coracau rasain luh kalah lagi dihantam Dua gol;0
"2-1 !!âš½ï¸ğŸ‡®ğŸ‡©
bangga bgttt.â™¡
indonesia won over curacao for the 2nd time.
pola permainan mereka udah upgrade bgt sih.
coach shin tae yong never die till the end pokoknyaağŸ«¶ğŸ»ğŸ«¡;;;;";0
"@sirkumbang sebelum lawan brazil telpon bahrain dulu woy ajak rematch @PSSI;;;;";0
"GOL YANG CANTIK DAN PENUH EMOSIONAL BUAT GUE ğŸ˜­ğŸ™ğŸ»
Witan Sulaeman â¡ï¸ Dendy Sulistyawan 
GOAAAALLLLL INA 2 - 1 CURACAO #TimnasDay https://t.co/Iu3YFiERdq;;;;";0
"Gasak Curacao 2 kali, Indonesia langsung push rank FIFA

https://t.co/kF0kQq9qw1;;;;";0
Cukup tau aja ya Curacao;0
"@arvaaanns Anu penting skrg aq tau ada negara namanya Curacao ğŸ¤£;;;;";0
"@AtaqueFutbolero Tiki Tiki...Golazo!!!;;;;";0
"@panditfootball Curacao pulang lewat mana?;;;;";0
"The Best Shin Tae Yong

Pakansari LEE HAECHAN Saddil Dimas Drajad Indonesia 2-1 Curacao Dudung Qatar CSIS PBSI STNK Google Play Neck Deep Supra Ciuman #SaldoKaget #TimnasDay #FIFAMatchday https://t.co/HX0GFoxn21;;;;";0
"@PSSI Curacao katanya bnyk pemain di Eropa..tapi main nyah kasar seperti bocah angon kebo..bnyk pemain Indonesia yg langgar..;;;;";0
"@Kiari288 Ti amu;;;;";0
"Waktu penuh:
Indonesia ğŸ‡®ğŸ‡© 2-1 ğŸ‡¨ğŸ‡¼ Curacao

ğŸ‡®ğŸ‡© Timnas Indonesia kembali meraih poin penuh di laga keduanya menghadapi ğŸ‡¨ğŸ‡¼ Curacao.

Pratama Arhan bermain dari menit awal dan digantikan pada menit ke-73.

Bakal melesat ke peringkat berapa nih posisi Indonesia di rangking FIFA? ğŸ¤” https://t.co/3txdDi2qOw;;;;";0
"DIMAS DRAJAD &amp; DENDY SULISTYAWAN CETAK GOL, TIMNAS INDONESIA KALAHKAN CURACAO UNTUK KEDUA KALINYA! ğŸ‡®ğŸ‡©ğŸ‡¨ğŸ‡¼
https://t.co/F4L7fl9IaI

#BanggaSepakBolaKita #TimnasDay;;;;";0
"Siapa Man of the Match pada laga kedua Timnas Indonesia Vs Curacao pilihan kamu BolaSporter?ğŸ¤”ğŸ§;;;;";0
permainan curacao kasar banget hari ini sampe kaget.. beda banget sm match pertama;0
itu para pemain dan official tim Curacao yang abis magang seminggu di Indonesia;0
"@PSSI curacao bilek, ""busett ketipu ranking"" https://t.co/tbz0WNZbvr;;;;";0
"Salut untuk Timnas dan STY! apresiasi untuk Curacao dan (kureng untuk Juninho Bacuna). Negara kepulauan kecil yang luasnya hampir 3x luas Jakarta Selatan (444kmÂ²) dengan penduduk hanya 100ribuan tapi bisa ada di peringkat 84 dalam ranking FIFA. #TimnasDay #FIFAmatchday https://t.co/Jc3gYV4wTk;;;;";0
"@idextratime @ccheyy_ @UEFA Kiper curacao pas abis lawan indonesia https://t.co/kjvJg9gs9Q;;;;";0
"@tr1sulla 5/10 sedih bgt cuma dianggep tmn https://t.co/eUPzKnQnUo;;;;";0
"SIAPA KITA Sadil Indonesia 2-1 Curacao Irianto DOANG Ayo Rek 84 FIFA Tarkam Rizky Ridho 1M WITH DUNK Cak Jin MIRIP SEHUN Dendy Angel baby taetae Birmingham suroboyo Elkan baggot JUNINHO BACUNA WE HAVE SHINDONG Kambuaya
#KitaGaruda #LESSERAFIM_ANTIFRAGILE #MidnightOnyx #TimnasDay https://t.co/v1mNwb3nqq;;;;";0
"Selamat atas kemenangan Timnas Garuda IndonesiağŸ‡®ğŸ‡© 2-1melawan tim Curacao.  
#TimnasIndonesiaHebat 
#IndonesiavsCuracao  
#TimnasDay 
#IndosiarSports 
Terima kasih #IndosiarğŸ‘ https://t.co/Zu6tLtvldr;;;;";0
"Ruarrrr Biasa Witan ğŸ’¥ğŸ”¥

Pakansari LEE HAECHAN Saddil Dimas Drajad Indonesia 2-1 Curacao Dudung Qatar CSIS PBSI STNK Google Play Neck Deep Supra Ciuman #SaldoKaget #TimnasDay #FIFAMatchday https://t.co/9ngEmC1zNK;;;;";0
"Timnas Indonesia berhasil menang back to back atas Curacao di laga FIFA Match Day. ğŸ‘ğŸ‘ğŸ”¥

Selain telah menaikan ranking Indonesia di FIFA dan kemenangan itu juga bisa menambah jam terbang dan kepercayaan diri para pemain jelang menghadapi Piala AFF dan Piala Asia. 

#TimnasDay https://t.co/UqOh21lq1B;;;;";0
"Vriliandia Iranoza, istri Judistira Eka Permady (Pilot pesawat Bonanza yg jatuh di Selat Madura) kini telah melahirkan anak pertama

___
Saddil Ciuman Witan Dimas Drajad Pegang Neck Deep IPHONE 13 SHOPEE STNK Troye NCT DREAM MBTI Ariel selena hailey Timnas
https://t.co/XIbNFf99Sg;;;;";0
"@mediansportcom pemain curacao bikin dating;;;;";0
"KitaGaruda #MeraihImpian #TimnasDay

ğŸ”´ğŸ…»ğŸ…¸ğŸ†…ğŸ…´á´´á´°
Indonesia vs Curacao: Live Streaming &amp; TV

ğŸ”—Live Link=&gt;https://t.co/MjDUBBDX1i

ğŸ”—Live Link=&gt;https://t.co/MjDUBBDX1i

ğŸ”—Live Link=&gt;https://t.co/MjDUBBDX1i
t hjy5rtyhg;;;;";0
Apresiasi juga buat @PSSI dan paketum Iwan Bule;0
@FootyRankings jauh2 dateng ke indonesia utk healing;0
Dramatis;0
@SportsTime_id Goal @bepe20 vs Bahrain;0
jerman aj ak pulangin bang;0
"Timnas Indonesia berhasil menang pada pertandingan kedua melawan Curacao dengan skor 2-1
#BanggaSepakBolaKita
https://t.co/mh3NlHW7sK;;;;";0
"@HendraIlham8 @zahraquinsha @ryramdhn @PSSI Mihak kita?
Kalo wasit eropa curacao dah banjir kartu merah.;;;;";0
@servernotf0und Yoi baru lawan negara Curacao doank 11 vs 10 di kandang sendiri menang pun susah payah aja dah lebay banget ;0
"Hasil Timnas Indonesia vs Curacao: Tim Merah Putih MenangÂ 2-1 https://t.co/6ozS8Bp52M;;;;";0
"FT: Indonesia 2-1 Curacao... Luarr Biasaaa ğŸ™ŒğŸ™ŒğŸ™ŒğŸ‘ğŸ‘ğŸ‘ bisa ini mah Juara AFF 2022 #TimnasDay;;;;";0
"Timnas Indonesia berhasil menang pada pertandingan kedua melawan Curacao dengan skor 2-1
#BanggaSepakBolaKita
https://t.co/GpWJyPphqp;;;;";0
"Akhirnya ku mengakui wajah ariel ga mirip sama ikjun tapi tetep mo keukeuh karakteenya mirip sama ikjun!!!;;;;";0
"Club"" Liga 1 apa ga ada yg naksir pemain"" Curacao sih. Tangan, sikit nya boleh jg tuh buat main liga 1.;;;;";0
"Dendy 87
Indonesia 2-1 Curacao

Pakansari LEE HAECHAN Saddil Dimas Drajad Indonesia 2-1 Curacao Dudung Qatar CSIS PBSI STNK Google Play Neck Deep Supra Ciuman #SaldoKaget #TimnasDay #FIFAMatchday https://t.co/238nSY7gnE;;;;";0
"Lah kok malah menang lagi
.
Katanya pelatih curacao ingin menunjukkan permainan sesungguhnya ğŸ˜„

.
.

#TimnasDay 
#FIFAMatchda 
#Indonesia 
#ujicoba https://t.co/dQ3Cn0n9kQ;;;;";0
"@Fandom_ID Lawan uzbek atau bahrain aja.;;;;";0
"Hasil Timnas Indonesia vs Curacao: Dendy Sulistyawan Bawa Skuad Garuda UnggulÂ 2-1 https://t.co/zkUQ2ywKIB;;;;";0
"Kalo liat 2 match Curacao lawan timnas indonesia kek Indonesia lawan Myanmar dah ato Timor Leste..serasa main UFC lawan nyağŸ˜‚ğŸ¤­ğŸ¤­;;;;";0
pak @iriawan84 telpon bahrain;0
"Curacao main sepak bola pakai kaki dan tangan.;;;;";0
"NEXT UP!

ğŸ†š  Guam (Senin, 3/10)
ğŸ†š  UAE (Rabu, 5/10)
ğŸ†š  Palestine (Jum'at, 7/10)
ğŸ†š  Malaysia (Minggu, 9/10)

Timnas Indonesia U17 akan memulai perjuangan utk menembus Piala Asia U17 2023 yg akan digelar di Bahrain. Mohon do'a dan dukungannya! #TimnasDay https://t.co/puSdJqfaaE;;;;";0
Plis tolong banget buat semua klub @Liga1Match sampe akhir tahun mainnya yang kalem kalem aja ya;0
"Laga kedua Timnas Indonesia vsÂ Curacao https://t.co/v0xzCYVYtd;;;;";0
"Curacao rasa Timor Leste. Kasar nya mirip soalnya.
#TimnasDay;;;;";0
"Terima kasih Timnas Indonesia..
Menang lagi 2-1 lawan Curacao.. https://t.co/apH5GBqqyh;;;;";0
"Timnas Indonesia unggul 1-0 atas Curacao pada babakÂ pertama https://t.co/WsAzwNRks4;;;;";0
@idextratime Curacao tarkam cuk;0
"Indonesia VS Curacao 2 - 1

Luar Biasa !!! Dahsyat !!!

Selamat STY &amp; Timnas 

#TimnasDay;;;;";0
"@FootyRankings Curacao bisa rank 86 itu krna punya kenalan org dalem deh kayaknya..;;;;";0
"Sumpah Witan bener2 definisi kancil, Curacao udah pusing mungkin gimana bikin Witan jatoh, di sikut berkali kali tetap tangguh, kokoh, lincah ğŸ‡®ğŸ‡©ğŸ«¶ğŸ» 
#TimnasDay https://t.co/NVMb1YHXee;;;;";0
"Yuk ngobrol santai

#TimnasDay #SelamanyaGaruda https://t.co/g8TLgsS1LM;;;;";0
"Indonesia  2 - 1  Curacao
#TimnasDay https://t.co/OszbTslVba;;;;";0
"@PSSI Curacao jadi kayak cucakrowo gitu matukÂ²..keren STY.  aku padamu lah..ini anakÂ² Indo bisa main gini juga ya;;;;";0
"Juninho Bacuna Dapat Kartu Kuning Kedua Usai Tekel Keras Marselino Ferdinan: Curacao harus bermain dengan 10 pemain di laga kedua melawan Timnas Indonesia. #kumparanBOLA https://t.co/xWvqoXYU43;;;;";0
"Muhammad Ferarri Jalani Debut untuk Timnas Indonesia saat Lawan Curacao: Muhammad Ferarri lakoni debut untuk Timnas Indonesia senior saat hadapi Curacao. #kumparanBOLA https://t.co/CcuUUOJg70;;;;";0
"Semenjak STY jadi pelatih timnas, kalo timnas kebobolan mental pemain tidak langsung down bahkan terus berusaha sampai peluit berakhir 
Dan akhirnya menang back to back lawan curacao. 
Please ini mah wajib perpanjang kontrak STY.
#TimnasDay;;;;";0
@kontralevel1978 @callmeriaaa @Yamyug @idextratime dri sblm saddil nyikut;0
"Awal prediksi bakal seri indo vs curacao 2-2 ternyata meleset tapi Alhamdulillah menang 2-1 Indonesia kembali jaya bersama shin Tae Yong Terima kasih coach baru kali ini gw suka sama oppa oppa korea
#TimnasDay;;;;";0
"FULL TIME

Skor akhir pertandingan kedua FIFA Matchday antara :

INDONESIA ğŸ‡®ğŸ‡© (2) VS CURACAO ğŸ‡¨ğŸ‡¼ (1)

Dengan demikian INDONESIA memenangkan 2 pertandingan dengan CURACAO

#SepakBola
#FIFAMatchday
#PenggemarOlahraga https://t.co/sEzcpMu2Tr;;;;";0
@bytaegist Yoongi sama jimin;0
anya forensikğŸ˜®;0
@fyy1aaaaa cluenya kuning sama pisang [tersenyum];0
@kdrama_menfess Joongki di dots keren, tpi gw suka pas dia main film yg jdi serigala itu sama park bo young;0
Di nice guy sama vincenzo juga cakep bgt tapii gara2 dots jadi seneng nonton drakor ğŸ¤£;0
@Askrlfess kunci dalam hubungan salah satunya adalah komunikasi. kalau komunikasinya udah acakadul begini, dahlah dah jelas gausah dilanjut aja;0
@txtdarianimeee Anya forensikğŸ˜­ https://t.co/tkDHPAnZEo;0
@sagurubby ohh nyaris mirip ya bedanya anya emang ga peka sama perasaan damian beda sama sakura, lucu tau chemistrynya aku yg ga nonton naruto dari dulu juga udah suka sasusaku ga tau kenapa tapi keliatan klop banget dan sama sama cakep juga ğŸ˜–;0
@pedecentil istirahat jo, mengenang masa lalu emang butuh energi ekstra.;0
Anya forensik :) gak udah2 ketawa aku yaallah ğŸ˜­ğŸ¤£ receh  x;0
Applied, wish me luck! @S_SiscaJKT48 Kalo dapet, aku sekalian coba apply Pajadora deh ya~ â¤ï¸â€ğŸ”¥ https://t.co/1iIAIDw4tJ;0
@osvmu semangat ğŸ˜”;0
Anya Forensik;0
anya forensik masi trending aja dr siang ğŸ˜­ğŸ˜­ğŸ˜‚ğŸ˜‚;0
@KamisatoAkane shhtaaapp Anya kenapa jadi buto ğŸ˜­ğŸ˜­ğŸ˜­;0
"ANYA FORENSIKK HAHAHA ğŸ˜­ bisa""nya luu bilang forensik ğŸ’€";0
@tbzkalundra iyaaaa ih ğŸ˜”ğŸ’” aku tua di jalan ini;0
@kdrama_menfess Aku blm nonton vincenzo sm dots, jadi paling suka di Nice Guy, sumpah keren bgt dia di situuuu;0
@kdrama_menfess DOTS. Damage nya gila. Susah move on dari Big Boss. Rewatch berkali2 meskipun pasangan udah bubar di real life tapi nggak mempengaruhi mood pas nonton ulang. DOTS juga yg akhirnya mengukuhkan Song Joongki jadi aktor korea favorit aku ğŸ‘;0
"@convomf Anjir Anya forensik dong ğŸ˜­ mentang"" kerjaan sambilan bapaknya jadi dokter ğŸ˜­ğŸ˜­ğŸ˜­ ngabrut";0
Anya forensik njir awokwok https://t.co/pLp9zx0HDu;0
"@sagurubby ya kan anak kelas satu SD di didik militer mau jadi apaan coba ğŸ˜­ğŸ˜­

bener dan anya juga keliatan happy banget kan sama yor meskipun yor ga jago masak tapi yor pinter banget ngurusin anya sama keperluan keperluannya dan nyaris ga pernah marah kan sejauh ini tuh";0
@fyy1aaaaa clue bulu dapet darimana feyyy;0
Dots, sungkyunkwan scandal, vincenzo https://t.co/C2W0LbmiDE;0
@raiearicchie Halooo, abis baca dan gak ada masalah so mari berteman;0
@baakibal @TraxJKT trimsss kompak bareng udah mewarnai hari hari pdkt kuâœ¨ğŸ˜”ğŸ«¶ğŸ»;0
"Pr ku banyak banget yaampunnnn
Nyelesaiin sxf si anya random, masih harus nglanjutin reborn rich nya sjk, tambah lagi mau nonton under the queen umbrella ~~~";0
"@convomf Anya forensik ğŸ˜­
Di hotstar nder";0
ghana anya forensik love shoot rans entertainment kelebihan provokator kaskus hyunbin never goodbye rafi ahmad enchanted dots renjun ningning bulu malam bighit irene https://t.co/AZpv4zFwOD;0
gemes banget dahh jadi pengen nonton anya waku waku ğŸ˜­ https://t.co/hDNXWOvi7L;0
@oksicda Masih mikir mau makan apa. Ada rekomendasi?;0
@tanyarlfes Pernah denger belom tentang pesugihan tapi pakenya kodok?;0
@KakEmotOmbag Sekalian coba apply showcase Sisca kali ya~~;0
@langazyx demi tuhan cau tuh buah apa gis;0
anya giliran bales dm nanyanya kayak sensus penduduk anjir gak kelar kelar;0
asskshsiansga enakkğŸ˜­ tp gadapet yg ada poca nya sedih https://t.co/QlnEUEgfgP;0
@enrcoo yg sebelah kebanyakan followers takut jd artis;0
@JiselleMSCN @SogumMSCN anya forensik;0
@sintawulandar_ @FOOD_FESS ini pasti kalo ngga buru2 dimakan, porsinya bisa jadi 2 alias melar;0
Anak Jaktim yang mau nikah nih rekomendasi untuk intimate wedding https://t.co/tsG6ei5NnZ;0
@kdrama_menfess DOTS, yang buat aku suka kdrama;0
@xxalfkkaa @convomf insting, kdang baru liat aja udh tau ada yg beda dr akun tsb :);0
Gak punya teman cerita;0
nia ramadhani kaskus Rafi ahmad rans entertainment di ghana IbukotaBaruMendunia bulu cendol namjoon hobi jadi anya forensik RedVelvetBirthdayParty HyunBin provokator GBK suga malam jeno ningning OhmPawatGraduation HEEJAYKE PERFECT HARMONY Petualangan Sherina 2 https://t.co/cGRVDwUOwI;0
@kochengfs Mata boba anya https://t.co/mFOlY6gRPO;0
@ocean_segara @besti Aamiin trima kasih ğŸ™ğŸ˜‡;0
@selcuoths JASON MAAF aku lagi jarang baca au (SIAP SALAH ğŸ«¡) gimana kalo kamu kasih aku rekomendasi au NANTI AKU REVIEW (real no bokis);0
@fleurzzeno maaf ya sayang kita harus professional ayo aku bantuin rapiin notulensi tp makan dulu yuk;0
Simple aja sekarang, percaya sama orang yg bisa di percaya aja. Kalo udh ngelakuin banyak salah berkali2, gada berubah, gada usaha buat bikin percaya. Malah makin berulah, tau kan harus apa?;0
@k_adeenara @convomf Anya forensik.. ğŸ™‚;0
@9tavosfy Itu aku banget. Dulu... Sekarang enggak.;0
NGAKAK BANGET ANYA FORENSIK WOYYYYY https://t.co/Uee7JbUf62;0
im gonna rewatch dots again after mandi *lupa bahasa inggris nya mandi* ( wash my body? // shower? ) ga sii;0
dots sama vincenzo fav banget sih https://t.co/t6WiL3GvLt;0
@convomf ANYA FORENSIK;0
@convomf anya putri kali @lleolaufeyson;0
"Rekomendasi dompet untuk cowo dan cewe. Bisa buat kado jugaaa ğŸ˜

â€” A Thread

#rekomendasi #rekomendasishopee #rekomendasidompet";0
WKWKWKWKWKKWKWKWKKKWKWK STILL LAUGHING ABT ANYA FORENSIKğŸ˜­ğŸ˜­ğŸ˜­ğŸ˜­ğŸ˜­ğŸ˜­ğŸ˜­ğŸ˜­ğŸ˜­ğŸ˜­;0
@saturdrip @markteksip dia punyanya sim kidzania;0
@jisungsusukeju siap salah kak;0
iyaa bgtt w lg rewatch dots! karena kgn sama songsong coupleğŸ¥¹;0
-11fess rekomendasi seblak area gerbel guys???;0
@infleksif Akuu;0
"@tanyakanrl Yg mau mutualan twitt ayo.
Cek pim ed buat rekomendasi film/drama series yg seruÂ²!!!

Yg suka nonton yu mutualaan!
exol juga boleh, aku lagi kepoin exo.

anti koreaan, pendukung lgbt JAUH-JAUH DARI AKUN GUE!";0
CAPE KETAWA ANYA FORENSIK TRENDING;0
Wkwkkwk anya forger uda brubah jd anya forensik ğŸ˜­ğŸ˜­;0
Yg kena angin jepun langsung pada berubah jadi anime, mau seserahan hanji sama anya kayaknya;0
 @convomf Anya formulir ga siiiğŸ˜­;0
@convomf Woilah Anya Forester yang bener;0
siapa itu anya forensik woii https://t.co/evEZfnImQz;0
SUdah tahu ada anime Anya Forensik kayaknya bagus tapi belon sempat nonton.;0
@convomf Nder km bilang Anya forensik klo yor g terima bsa disambit pake golok kepala muğŸ˜”ğŸ‘;0
semoga penyakit suka ngelamun di jalan tapi tiba-tiba sampe rumah yang kamu derita cepat sembuh https://t.co/UO6QCfzWHb;0
mawuu lachh ak kn jamet https://t.co/rCnsTiIr62;0
@JPFBASE Kenpa jadi anya forensik sih?;0
Tak perlu memikirkan tentang apa yang akan datang di esok hari https://t.co/m8roSU4789;0
wkwkwk anjir pantes trending ternyata anya ini https://t.co/ix9vvDn0gh;0
mana ujan deres;0
@madunsantun @commierola yang kaya hito bang maksutnya;0
@KlagesDeElite WAH- gak sabar mau lihat Anya dan Damian!;0
@EGeminiputri Gw iri sma body nya si anya ğŸ˜­ğŸ˜­;0
@gemmpil Aktif yaaa kamu ayang;0
"Gempa Cianjur pada Senin, 21 Nov 2022 tidak hanya menyisakan luka fisik dan materi.
Tapi juga memberikan dampak kesehatan mental pada masyarakat Cianjur, khususnya anak-anak.
@ridwankamil turut serta terjun dalam memberikan trauma healing pada Senin 27/11 https://t.co/jC6g0XEtjz";0
@perfectAMIDALA makasih udah ngemod dan bikin botak. https://t.co/qsWbiw2AcU;0
Om lim ditungguğŸ¥° https://t.co/zIQurGGLnK;0
Airlangga mengaku sudah melihat jelas keindahan hubungan @ridwankamil dan Partai Golkar. Airlangga menuturkan keindahan hubungan Ridwan Kamil dan Golkar ini hanya satu perwujudannya, yakni kemenangan Golkar dalam Pemilu 2024.;0
Ketua Umum DPP Partai Golkar @airlangga_hrt mengaku bangga menghadiri Mukernas I dan HUT ke-65 Ormas Kosgoro karena kehadiran Gubernur Jawa Barat @ridwankamil . Airlangga menuturkan ia bangga karena Ridwan Kamil sudah mengenakan seragam Kosgoro. https://t.co/ZrbdiJripw;0
@jouscka @starfess sdh tdk tertolong â˜ğŸ»;0
Gubernur Jawa Barat, @ridwankamil, meminta pihak kepolisian untuk menindaklanjuti aksi sejumlah orang yang mencopot label identitas donatur bantuan korban gempa Cianjur, Jawa Barat. https://t.co/k57L7NJ4iD;0
Anya forensik ğŸ˜­ğŸ˜­ğŸ˜­ğŸ˜­;0
Substansi dakwah dari zaman dulu sampai sekarang sama, yang membedakan cara. Kalau dulu, bisa menceramahi seribu orang sekarang bisa menceramahi sejuta orang. Caranya, gabungkan antara dakwah langsung dan dakwah digital,â€ kata @ridwankamil.;0
"Gubernur Jawa Barat @ridwankamil mendorong Persatuan Islam (Persis) untuk memanfaatkan kemajuan teknologi informasi dalam berdakwah.

saat menghadiri Musyawarah Wilayah VII PW Persis Jabar di Grand Hotel Preanger, Kota Bandung, Minggu (27/11/2022). https://t.co/K5S6w9UHeo";0
Tinggal menghitung hari, lanjutnya, dan tidak lama lagi Gubernur Jawa Barat, @ridwankamil diharapkan segera berlabuh pada Partai Golkar, Karena partai Golkar sudah menyiapkan untuk berlayar ketahapan-tahapan berikutnya.;0
Sinyal kedekatan Gubernur Jawa Barat, @ridwankamil merapat ke partai Golkar semakin nampak, hal tersebut terlihat saat Ridwan Kamil menghadiri kegiatan pelantikan bersama keluarga besar Kosgoro 1957 Provinsi Jawa Barat di Gedung Sate, Kota Bandung. https://t.co/YgbqvyTAmA;0
@furrymeo Aku baru sembuh ğŸ¥²;0
"selain itu masing2 Dinas Sosial Kab/Kota mendampingi para calon orang tua angkat akan memberikan tanggapan/alasan pengabdosian anak angkat yg nantinya akn diberikan rekomendasi utk menjalani proses selanjutnya (sidang ke pengadilan)

Kanwil Kemenkumham Kalsel | Lilik Sujandi";0
Tidak hanya memberikan bantuan makanan, Gubernur @ridwankamil yang akrab disapa Kang Emil ini pun memantau secara langsung para pengungsi yang masih belum tersentuh bantuan. Selain melihat kerusakan sejumlah wilayah akibat diguncang gempa maginitudo 5,6 beberapa waktu lalu.;0
Gubernur Jawa Barat @ridwankamil kembali membagikan bantuan makanan bagi para pengungsi di Kabupaten Cianjur. Kali ini, Gubernur dibantu TNI Angkatan Udara membagikan bantuan melalui udara dengan menggunakan helikopter untuk menjangkau daerah terisolasi. https://t.co/th30Fgqeps;0
Fun banget sih emang tapi aku kalau sekarang kurang konsen dengerinnya, nanti lagi deh;0
@convomf ANYA FORENSIK donggg ğŸ˜­;0
Bjir anya forensik gk tuh ğŸ˜­ https://t.co/xIbSUo9u1w;0
@AIdersgate https://t.co/L0StEfhasI kayae punyaku;0
@prncssjdm Help kitaa;0
@nieIIkim Anya punya pacar hoi. Mau di slepet kah? ğŸ˜‚;0
@convomf ANYA FORENSIK. Btw nder nama animenya spy x family kalo mau nonton di bstation ada;0
Kalau ada duit w dah niat mau bantu, tapi ya gimana...w juga ngerasa bersalah;0
nama anak kamu anya forensik sekarang? @vormyr https://t.co/jxrjHonbkt;0
@nkaemoto Rekomendasi tempat di KL yang bagus dimana? Aku ada free time tanggal 1 buat keliling KL, sisanya aku di Thailand.;0
Sdf! Rekomendasi tempat untuk metime dong;0
@ourchidz @convomf kepala anya abis dientup tawon;0
Bertanya-tanya mengapa Anya forensik jadi TT. Ternyata ini sumbernyağŸ˜€ https://t.co/FwYWsDo8jP;0
nyaden menem i boring anya teacher;0
@NIWVNVN HAH ANYA FORENSIK WKWKWKWKWK;0
jadi tolong rekomendasi rok gemas tapi jangan yang panjang banget ntar aku kelelep ğŸ˜­;0
Setidaknya Anya forensik lebih baik ketimbang Gitasav. Meskipun beda dimensi. Yang satu isekai, satunya dimensi open mind (Halu).;0
[bb] rekomendasi yang ngaruh banget banget dimuka dong https://t.co/7vMCiPFA1E;0
mikir kenapa anya forensik trending, taunya https://t.co/6cKbXGHFCW;0
Sebel bgttt menjelang birthday rilis malah harus ngerjain sesuatu dulu dan sekarang juga ujan deres tiba tiba :));0
"Bismillah smoga ada rezeki tak terduga ya ALLAH ğŸ˜¢ğŸ¤²
Begitu banyak yg harus hamba bantu ringankan beban dipundaknya ya ALLAH.
Hasbunallah wani'mal wakil";0
ANYA FORENSIK APAAN WOY, gua blm nonton eps yg update kmrn soalnyağŸ˜­ğŸ˜­;0
Kukira maksudnya tuh Anya artis Indo yang ngambil peran sebagai dokter forensik, ternyata Anya Forger ğŸ˜­ğŸ˜­;0
"Si Anya bikin ulah apa lagi nih tranding
Hahahaha";0
Kalo kata buna @ainunagriyanii mah, seketika ingin menghilang teh bener da ğŸ˜­;0
@sinibucinbareng ADA YG COMMENT ANYA FORTUNER NJIR;0
wah adeku menangis ini mah kalo tau si anya ganti nama wkwk https://t.co/2AgLuzshOS;0
PENGEN PULANG BGT AJJING GURUNYA ANEH;0
Anya forensik https://t.co/AqALyLTZxc;0
Anya ba hakura zanyi da makarantar nan ba??;0
@rengoku2928 @LangittRY @KLalalisa20 Absen dulu, anya udh pernah aku buayain blm? â˜º;0
ANYA FORENSIK https://t.co/TTJt0wZDZY;0
gue bingung anya forensik trending nih apaan, ternyata ini toh. Anya forensik ga tuh wkwkwkwk https://t.co/cEpwSsBC7D;0
sambutan dari Auditor Utama Keuangan Negara I Bapak Prof. Dr. Achsanul Qosasi. Dalam sambutannya beliau menjelaskan hasil temuan â€“ temuan dan rekomendasi guna meningkatkan PNBP di lingkungan Kemenkumham RI dan juga berharap kerjasamanya dalam pemeriksaan interim atas;0
"penurunan efek dari adanya pandemi Covid-19. Namun bagi beliau hal tersebut menjadi tantangan dalam pengelolaan PNBP, dimana kedepannya beliau berharap seluruh jajaran lebih meningkatkan dengan langkah evaluasi sesuai rekomendasi dari BPK RI.
Kegiatan kemudian dilanjutkan dengan";0
"Untuk dapat menyelesaikan hal hal tersebut, Telkom turut melakukan beragam upaya melalui penguatan infrastruktur digital, platform digital, &amp; layanan digital, sehingga menjadi lebih dari sekadar daftar rekomendasi serta menciptakan dampak nyata bagi masyarakat.";0
"Telkom turut melakukan beragam upaya melalui penguatan infrastruktur digital, platform digital, &amp; layanan digital, sehingga menjadi lebih dari sekadar daftar rekomendasi serta menciptakan dampak nyata bagi masyarakat. 
#TLKMLokomotifDigitalisasi
#DigitalBisa https://t.co/iLcIhTREzm";0
anya forensik... https://t.co/rsOpXgYzBP https://t.co/sgUwcB2PzV;0
irene masuk keluarga forger jadi ibu baru anya kah? https://t.co/XH5zaSo8QA;0
"Live  reaming Bola Hari Ini â€“ Indonesia VS Curacao Live
https://t.co/PEnkl5da0L
 #TimnasDay;;;;";0
"LU LIAT DAH ANYING CANTIK BGT BUSET WOI ANYING ARIEL LOVE YOU MARRY ME
https://t.co/yvfPvYSkwg;;;;";0
"Live Stream  Hari Ini â€“ Indonesia VS Curacao Live
https://t.co/PEnkl4V0MD
  #TimnasDay;;;;";0
"STREAM LANGSUNG Indonesia vs Curacao | Freindly Internasional Langsung | SEP ia vs Curacao, 2022
https://t.co/QjchjabbN1
 #TimnasDay;;;;";0
"STREAM LA dly Internasional Langsung | SEPAK BOLA LANGSUNG HARI INI | Indonesia vs Curacao, 2022
https://t.co/QjchjabJCz
 #TimnasDay;;;;";0
"Doa Rara Pawang Hujan Indonesia 4 - Curacao 0: Sinkronkan Telepati Energi Offside

https://t.co/9lwCBS7BET

#TimnasIndonesiaHebat #Timnas #TimnasDay;;;;";0
"gue udah cape bgt sama fans halunya nicsap ariel. lo yang merasa shipper ini bub gue pls. gue cape harus ngadepin komen ""ariel"" di vt nicsap gue. risih bgt gue liatnyağŸ¤®;;;;";0
"@InfosuporterID INDONESIA 1 - 1 CURACAO
#TimnasIndonesiaHebat;;;;";0
"@awkitab Kn cntik ny km;;;;";0
"@InfosuporterID Indonesia 1-1 Curacao
#TimnasIndonesiaHebat;;;;";0
Klik https://t.co/DffoVzP12T Bola Gol Berita Terkini : Sebagai pemanasan sebelum nonton pertandingan kedua Indonesia vs Curacao;0
"Malam ini #FIFAMatchday
Indonesia (155) vs Curacao (84)
Sepak Mula 21.00 WITA - Vidio

Optimis? https://t.co/7DusOxDUv5;;;;";0
"Mental baja diperlihatkan oleh Timnas Indonesia saat berhasil membungkam Curacao dengan cara dramatis. #Timnas https://t.co/4nmGUcXHfr;;;;";0
"@InfosuporterID Indonesia 1-0 Curacao
#TimnasIndonesiaHebat;;;;";0
Link Live Streaming Timnas Indonesia vs Curacao Hari Ini;0
Link Live Streaming Timnas Indonesia vs Curacao Hari Ini;0
"Lawan Timnas Indonesia Jadi Ajang Jual Diri Pemain Curacao Tarik Minat Tim BRI Liga 1Â 2022 https://t.co/MEvGqqrDsn;;;;";0
"Ditandai Pelatih Curacao, Pratama Arhan Siap Tampilkan Permainan Terbaiknya
 
https://t.co/Vh3G2tRJtT;;;;";0
"@UpdateBolabola Timnas curacao mengusung misi balas dendam. Semoga timnas Indonesia bisa konsisten permainan nya nanti malam.;;;;";0
"Ketua Umum PSSI Mochamad Iriawan menyiapkan sejumlah antisipasi dalam menanggulangi drainase yang buruk jelang pertandingan kedua Timnas Indonesia versus Curacao di Stadion Pakansari, Cibinong pada Selasa (27/9/2022).

https://t.co/cTcuIqBN8Y;;;;";0
"Jokowi menyampaikan Indonesia menyerahkan bantuan kemanusiaan berupa bantuan tunai sekitar USD1 juta atau Rp15 miliar serta bantuan kebutuhan dasar untuk Korban Banjir Bandang di Pakistan.

#WelcomeBackChanyeol | WE HAVE SHINDONG | pertahanan nkri kuat | Hugh | Curacao https://t.co/cLWU8tqu1e;;;;";0
"kalo dudanya begini yaaa hmmmzznshxjsjfuwjxjw mauğŸ˜ https://t.co/A0ulorGPhz;;;;";0
Selalu tersenyum ramah pada masyarakat dan dengan santun rendah hati membagi bingkisan satu per satu;0
