tweet,label
"Rekomendasi outfit hitam
 
 A thread
 Tag : #BrightestStarHenderyDay #MidnightOnyx selena yoongi marry me IPHONE 13 DARI SHOPEE #JISOOxDiorPFW Curacao Jiminie #Ã­â€”Â¨Ã«â€œÅ“Ã«Â¦Â¬_Ã¬â„¢â€¢Ã¬Å¾ÂÃ«â€¹Ëœ_Ã¬Æ’ÂÃ¬ÂÂ¼Ã¬Ââ€_ÃªÂ°ÂÃ¬Â¶â€¢Ã«â€œÅ“Ã«Â¦Â¬Ã¬ËœÂµÃ«â€¹Ë†Ã«â€¹Â¤ Pegang STARRY https://t.co/qwfC4BrWBQ;;;;",1
"Rekomendasi celana &amp; rok hitam
 
 A thread
 Tag : #kameraday dufan IPHONE 13 DARI SHOPEE THE BOYZ Heardle Dudung ROCKIN THE PARTY #CandyÃ Â¸ÂÃ Â¸Â¥Ã Â¸Â±Ã Â¸Å¸Ã Â¸Â«Ã Â¸Â¢Ã Â¸Â´Ã Â¹Ë†Ã Â¸â„¢Ã Â¸ÂÃ Â¸Â´Ã Â¸â„¢Ã Â¸Â¢Ã Â¸Â±Ã Â¸Å¡ LADY JISOO WITH DIOR Indonesia 3-1 Curacao Indonesia 2-1 Curacao https://t.co/TRrbD5EDgO;;;;",1
"Ã¢Å“Â¨Rekomendasi Outer TransparanÃ¢Å“Â¨
 
 Ã¢Â¬â€¡ A Thread Ã¢Â¬â€¡ https://t.co/QPCFjRUNnZ",1
"Corset dress kondangan Ã°Å¸Â¤Â
 
 ghana anya forensik love shoot rans entertainment kelebihan provokator kaskus hyunbin never goodbye rafi ahmad enchanted dots renjun ningning bulu malam bighit irene nikahan undangan ootd outfit resepsi https://t.co/vGd3PBUwOC",1
"5 Rekomendasi Tayangan Korea yang Bakal Tayang Bulan Desember 2022, Ada Kelanjutan MONEY HEIST: KOREA Hingga ALCHEMY OF SOULS https://t.co/uzEsuKFh2F",1
"Hellaur, Aru! Aku lagi suka CSM, JJK sama Tokrev doang nih. Ada rekomendasi anime yang HARUS BANGET DILIHAT SEKALI SEUMUR HIDUP gak? https://t.co/YPikKCYYrB",1
"12 Film Jepang Rekomendasi Romantis dengan Cerita Ringan, Jadi Penghibur Kalian yang Lagi Jatuh Cinta https://t.co/25xIEZcLgd",1
"Ã¢Å“Â¨ Rekomendasi Parfum Ã¢Å“Â¨
 
 - a thread - https://t.co/pSjWIPB2wx",1
Sebanyak 26 rekomendasi dengan empat kategori kebijakan. https://t.co/0b8LXxW6Ac,1
@anya_forgett @tanyarlfes ha? gmn2?,1
@milobestboy @enhyou main kemanah maniez,1
"@kdrama_menfess dots sih,big boss smpe skrg blm tergantikan awkwk. suka bgt jga sjk di arthdal chronicles beda gtuloh",1
@convomf Anya forsaken yg bener,1
Anya forensik anak mna lagii?Ã°Å¸ËœÂ­ https://t.co/KPzFoouZWO,1
@nihilisrm LUCU BGT?,1
anya forensik dikira ngecekin mayat sama bikin visum Ã°Å¸ËœÂ­ https://t.co/frL3FKX1S4,1
@Realguudd kasih pahamm mas,1
@iMlNJl ini kah anya forensik?? https://t.co/fMbllpt24i,1
@convomf klo kata keponakanku namanya anya fagerÃ°Å¸ËœÂ­ https://t.co/HtNXzEPrpe,1
Best Seller 10 Rekomendasi Sandal Pria Terbaik yang Modis #rekomendasisandalterbaik #stexel #hexpreme https://t.co/tyOI3g0iSC bisa COD #COD &gt,1
"bacaanku buat sekarang cuma timun-pakdos, richarles-abibi, lingga-dami... semuanya slow update Ã°Å¸ËœÂ«
 
 ada rekomendasi AU gak moots? Ã°Å¸Â¥Âº",1
"wta , tutor canva gampang engga ya? rekomendasi tutor yang gampang selain spotify #zonauang",1
WKWK ANYA FORENSIK APA ANJIRTÃ°Å¸ËœÂ­Ã°Å¸ËœÂ­,1
"Atasan Batik
 
 malam rafi ahmad rans Entertainment anya forensik love shot ghana suga heejayke perfect harmony kelebihan on a ride senin bye bye never goodbye k-pop korea irene chanyeol yeri dean dots bulu cendol fisik tempur jeno joon https://t.co/YKQAZdipJ2",1
"""Atasan Batik
 
 malam rafi ahmad rans Entertainment anya forensik love shot ghana suga heejayke perfect harmony kelebihan on a ride senin bye bye never goodbye k-pop korea irene chanyeol yeri dean dots bulu cendol fisik tempur jeno joon https://t.co/YKQAZdipJ2""",1
"Tote Bag Kanvas Cantik
 
 senin sore namjoon beli Odol di shopee-ku buat rafi ahmad Petualangan Sherina 2 Serbia ANYA FORENSIK Vincent Aboubakar BYE BYE Love Shot Kaskus CendolGigi DOTS Enchanted Rans Entertainment SUGA ghana Never Goodbye HEEJAYKE PERFECT HARMONY https://t.co/U4qXLsOz1Y",1
"Tank Top super nyaman
 
 senin sore namjoon beli Odol di shopee-ku buat rafi ahmad Petualangan Sherina 2 Serbia ANYA FORENSIK Vincent Aboubakar BYE BYE Love Shot Kaskus CendolGigi DOTS Enchanted Rans Entertainment SUGA ghana Never Goodbye HEEJAYKE PERFECT HARMONY https://t.co/JaFamCZb6w",1
Harga Murah di https://t.co/RpyPq6bTxs â–º Toko Komputer Online â—„ #Indonesia #Jakarta #Komputer MENJUAL â–  Tinta Printer Epson,1
"Haloo kakak, adik, om, tante, abang, none semuanya ...
 
 Yg lg butuh sepatu original second berkualitas, yuk cek koleksi kami di :
 
 Shopee
 https://t.co/KPTA36du3f
 
 Ã°Å¸â„¢Â Thx &amp; Happy Shopping Ã°Å¸â€ºâ€™
 
 Rans Entertainment Jenderal Andika Perkasa ANYA FORENSIK #IbukotaBaruMendunia",1
"Mumpung masih hangat winratenya...
jangan sampai ketinggalan untuk bisa merasakan WD...
jgn terpaku dgn 1 game aja liat RTP nya jg
tuh link nya bang
https://t.co/YRJxiIDc7c

Salam scatter semua ğŸ’¸ğŸ’¸ğŸ’¸

#amanjudi #bocoranslot #Lesti https://t.co/reKbh7IvAI",1
"Hayukkk saksikan TEAM sepak bola terbaik kalian dalam LIGA Eropa UEFA malam ini! Dipersembahkan #IDRSLOTO 
Real Betis vs AS Roma
PUKUL 23.45 - SELESAI 
link : https://t.co/lJWFWF8tQN 
Lesti Malam Jumat Piscok #NoBraDay Toothless Wanda Hamidah #KalianPantasMati Billar Gavi https://t.co/sx6tidaU6z",1
"#Vanessa yuk tambah skill dibidang lain. Kursus #menjahit #private lihat disini ya: https://t.co/nkWJmVljwS
#VANESSA 
#NoBraDay2022 #prank #Lesti #Billar #KalianPantasMati",1
"ğŸŒµJasa Desain by @henlosaalğŸŒµ

Ilustrasi 
Logo
Maskot
Banner
CV
Twibbon
Mockup
Kemasan
Undangan
Manipulasi Photoshop (retouch, ganti background, DLL

WA klik: https://t.co/rtIGzSSZAf

Tag: shopee sang ah malaysia u17 chen BESOK SENIN hyorin #littewomen markus tifa wasit malaysia https://t.co/wDIXBr2rhh",1
"Langsung di coba saja bang jika penasaran dengan slot gacornya   :) 

Link Alternatif : https://t.co/lVfvPtDQPi

#bintangemon #Ronaldo #Gempa #bimasakti #BesokSenin #togelonline #slotgacor #JudiOnline https://t.co/FIcZHpDGPZ",1
"Buat kamu yang lagi nyari situs slot gacor terbaik dengan permainan terlengkap, kuy langsung aja daftar di #SEJAGADSLOT88 lewat link di bawah ini ya.
https://t.co/xBFpwrOVIW Ronaldo Antony Casemiro bintang emon #MUFC Malaysia Martial Mo Salah Markus Nunez Gempa Kerasa Besok Senin https://t.co/hELMmYeYxh",1
"Yuk Buruan Daftarkan Akun Anda Disitus #KARTUREJEKI88 Ingin Mendapatkan Bonus Yang Sudah Di Tentukan karturejeki88

Link Daftar :https://t.co/1RPX1OUI3p

Gempa Ronaldo Kerasa Markus #idrsloto #sejagadslot88 #BesokSenin Minggu https://t.co/YYgI6l9O2l",1
"Sultan 10M Datang lagi 
Cek caranya https://t.co/kmLWDIvh11

Taq Hamil ODGJ Iqbal #BandungInLove #ShopeeID BMKG Karina Tangerang Vagabond Gempa U-17 Bima Sakti Kuntilanak Besok  Senin  Malaysia https://t.co/nUPTTWUyoE",1
"Buruan Bergabung Disitus #IDRSLOTO Untuk Mendapatkan Bonus DiAwal Daftar Dengan Minimal Deposit 10.000

Link Daftar : https://52.223.22.111/?action=register&amp;rc=FYZ1N02LRE&amp;ci=11

Kerasa #MUFC Besok Senin Minggu Tifa #idrsloto #sejagadslot88 https://t.co/JL7O1m5bJQ",1
"besok senin nih guys yang butuh jasa:
1. Joki TOEFL
2. Joki tes TPA
3. Ujian bahasa inggris
4. Menurunkan plagiasi / parafrase
5. Translate eng to indo (sebaliknya)
Team kami toeflnya 500+ semua, dm ajayaa ğŸ¤— #zonauang",1
"Result nomor pasaran Hongkong hari ini adalah
1st Prize : 6719
Shio : Monyet 
Anda JP kami puas!!
#8Togel #TogelHongkong #BesokSenin",1
"Bolu / soft cake terenak di toko retail Ã°Å¸Â¤Å½Ã°Å¸ËœÂ
 
 Kraft Keju Cake Bolu Keju 16 gr [1 Box Isi 12 pcs] Rp24.500
 https://t.co/pWHCvgzFeb
 
 #barugajian Anya Forensik Rafi Ahmad https://t.co/YFTOnw0eBO",1
"Diskon 400ribu nih Ã°Å¸Â§Å¡Ã°Å¸â€™Å¾
 
 Infinix Hot 12 Play 4/64 GB (RAM 4GB + 3GB Extend) Garansi Resmi - 4/64 Promo Rp1.396.000
 https://t.co/hVD1Eksl8g
 
 Anya Forensik Rafi Ahmad Rans Entertainment https://t.co/xxm6xNv2Wa",1
"[6] Kebaya Couple Putri Cream by Izara Batik
 
 Ã°Å¸â€™Â° Rp 49.900 - Rp 315.250
 Link : https://t.co/INOhCohdKj https://t.co/MyrDlVqFee",1
"(MSB) ONE SET REVY LONG TUNIK ROK WANITA SET MOSCREPE 
 
 Ã¢Â­Â : 4,5
 Cek Diskon : https://t.co/1SfmpRgOkb https://t.co/ifbdazn4rc",1
"Madonna Dress 
 
 Ã¢Â­Â : 5,0
 Cek Diskon : https://t.co/Qa8y7oXTjt https://t.co/5FWHW4fcPR",1
"MONALICA ROK SKIRT 
 
 Ã¢Â­Â : 4,8
 Cek Diskon : https://t.co/0inDKgfi75 https://t.co/g6B4HXnJ9S",1
"HARA LONG TUNIC 
 
 Ã¢Â­Â : 4,9
 Cek Diskon : https://t.co/I1321KRA8I https://t.co/YZIvhzzfnO",1
"Ã°Å¸â€˜â€“ Rekomendasi Celana Denim Pria Ã°Å¸â€˜â€“
 
 - A Thread - https://t.co/fzL6YBYNT3",1
"GUYS! Aku mau rekomendasiin blouse yg beneran baguss!! Bahannya crinkle tp nyaman &amp; halus dipake guys! Serius! Apalagi mumpung diskon tinggal 48k doangÃ°Å¸ËœÂ±klo mau tau klik link dibawah ya!
 
 Rate: 10/10Ã¢Å“Â¨
 Ã°Å¸â€â€”https://t.co/wB2XSH5cya
 
 Tags: Raffi Ahmad ANYA FORENSIK Love Shot https://t.co/iHoOni4wRf",1
"Rekomendasi hadiah wisuda untuk orang tersayang Ã°Å¸â€™â€¢
 
 a thread Ã¢Å“Â¨Ã¯Â¸Â https://t.co/ikOonYjbbI",1